scenario,planner,num_vehicles,seed,vehicle_id,success,plan_time_ms,path_length,nodes,start_error_m,goal_error_m,collision_free
road_open,astar,1,0,0,1,0.37190000875853,232.02463496137946,8,0.1483794838706607,0.0,1
road_open,astar,1,1,0,1,0.33239999902434647,232.02463496137946,8,0.1483794838706607,0.0,1
road_open,astar,1,2,0,1,0.3192999865859747,232.02463496137946,8,0.1483794838706607,0.0,1
road_open,astar,1,3,0,1,0.31609999132342637,232.02463496137946,8,0.1483794838706607,0.0,1
road_open,astar,1,4,0,1,0.3406000032555312,232.02463496137946,8,0.1483794838706607,0.0,1
road_open,rrt,1,0,0,1,0.048999994760379195,164.05465485188952,1,0.0,0.0,1
road_open,rrt,1,1,0,1,0.04320000880397856,164.05465485188952,1,0.0,0.0,1
road_open,rrt,1,2,0,1,0.040300015825778246,164.05465485188952,1,0.0,0.0,1
road_open,rrt,1,3,0,1,0.03950000973418355,164.05465485188952,1,0.0,0.0,1
road_open,rrt,1,4,0,1,0.039399979868903756,164.05465485188952,1,0.0,0.0,1
road_open,rrt_star,1,0,0,1,411.4869999757502,166.0024579457363,1501,0.0,0.0,1
road_open,rrt_star,1,1,0,1,413.4759000153281,167.24537208360638,1501,0.0,0.0,1
road_open,rrt_star,1,2,0,1,411.81689998484217,169.00863346509087,1501,0.0,0.0,1
road_open,rrt_star,1,3,0,1,411.3999000110198,170.75226878970255,1501,0.0,0.0,1
road_open,rrt_star,1,4,0,1,422.5127999961842,169.87866356797457,1501,0.0,0.0,1
road_open,astar,5,0,0,1,0.3400999994482845,232.02463496137946,8,0.1483794838706607,0.0,1
road_open,astar,5,0,1,1,0.3284999984316528,234.298180800331,8,1.9999999999999998,0.0,1
road_open,astar,5,0,2,1,0.31800000579096377,233.67981675632547,8,1.9999999999999998,0.0,1
road_open,astar,5,0,3,1,0.31689999741502106,236.29122170444109,8,1.9999999999999998,0.0,1
road_open,astar,5,0,4,1,0.3893999964930117,233.8434788178314,8,1.9999999999999998,0.0,1
road_open,astar,5,1,0,1,0.3242999955546111,232.02463496137946,8,0.1483794838706607,0.0,1
road_open,astar,5,1,1,1,0.32789999386295676,234.298180800331,8,1.9999999999999998,0.0,1
road_open,astar,5,1,2,1,0.31800000579096377,233.67981675632547,8,1.9999999999999998,0.0,1
road_open,astar,5,1,3,1,0.36330000148154795,236.29122170444109,8,1.9999999999999998,0.0,1
road_open,astar,5,1,4,1,0.32190000638365746,233.8434788178314,8,1.9999999999999998,0.0,1
road_open,astar,5,2,0,1,0.31499998294748366,232.02463496137946,8,0.1483794838706607,0.0,1
road_open,astar,5,2,1,1,0.31549998675473034,234.298180800331,8,1.9999999999999998,0.0,1
road_open,astar,5,2,2,1,0.32240001019090414,233.67981675632547,8,1.9999999999999998,0.0,1
road_open,astar,5,2,3,1,0.31540001509711146,236.29122170444109,8,1.9999999999999998,0.0,1
road_open,astar,5,2,4,1,0.31259999377653,233.8434788178314,8,1.9999999999999998,0.0,1
road_open,astar,5,3,0,1,0.31209998996928334,232.02463496137946,8,0.1483794838706607,0.0,1
road_open,astar,5,3,1,1,0.3127999952994287,234.298180800331,8,1.9999999999999998,0.0,1
road_open,astar,5,3,2,1,0.3148999821860343,233.67981675632547,8,1.9999999999999998,0.0,1
road_open,astar,5,3,3,1,0.31510001281276345,236.29122170444109,8,1.9999999999999998,0.0,1
road_open,astar,5,3,4,1,0.3164999943692237,233.8434788178314,8,1.9999999999999998,0.0,1
road_open,astar,5,4,0,1,0.3144000074826181,232.02463496137946,8,0.1483794838706607,0.0,1
road_open,astar,5,4,1,1,0.31870001112110913,234.298180800331,8,1.9999999999999998,0.0,1
road_open,astar,5,4,2,1,0.31949998810887337,233.67981675632547,8,1.9999999999999998,0.0,1
road_open,astar,5,4,3,1,0.3157000173814595,236.29122170444109,8,1.9999999999999998,0.0,1
road_open,astar,5,4,4,1,0.3127999952994287,233.8434788178314,8,1.9999999999999998,0.0,1
road_open,rrt,5,0,0,1,0.04909999552182853,164.05465485188952,1,0.0,0.0,1
road_open,rrt,5,0,1,1,0.04049998824484646,164.27510353728505,1,0.0,0.0,1
road_open,rrt,5,0,2,1,0.03919997834600508,163.8407551334267,1,0.0,0.0,1
road_open,rrt,5,0,3,1,0.03940000897273421,165.66891173513739,1,0.0,0.0,1
road_open,rrt,5,0,4,1,0.03899997682310641,163.95402955434068,1,0.0,0.0,1
road_open,rrt,5,1,0,1,0.039700011257082224,164.05465485188952,1,0.0,0.0,1
road_open,rrt,5,1,1,1,0.039399979868903756,164.27510353728505,1,0.0,0.0,1
road_open,rrt,5,1,2,1,0.039300008211284876,163.8407551334267,1,0.0,0.0,1
road_open,rrt,5,1,3,1,0.03950000973418355,165.66891173513739,1,0.0,0.0,1
road_open,rrt,5,1,4,1,0.0391000066883862,163.95402955434068,1,0.0,0.0,1
road_open,rrt,5,2,0,1,0.04040001658722758,164.05465485188952,1,0.0,0.0,1
road_open,rrt,5,2,1,1,0.03960001049563289,164.27510353728505,1,0.0,0.0,1
road_open,rrt,5,2,2,1,0.03880000440403819,163.8407551334267,1,0.0,0.0,1
road_open,rrt,5,2,3,1,0.040099985199049115,165.66891173513739,1,0.0,0.0,1
road_open,rrt,5,2,4,1,0.03940000897273421,163.95402955434068,1,0.0,0.0,1
road_open,rrt,5,3,0,1,0.03969998215325177,164.05465485188952,1,0.0,0.0,1
road_open,rrt,5,3,1,1,0.040000013541430235,164.27510353728505,1,0.0,0.0,1
road_open,rrt,5,3,2,1,0.03929997910745442,163.8407551334267,1,0.0,0.0,1
road_open,rrt,5,3,3,1,0.039700011257082224,165.66891173513739,1,0.0,0.0,1
road_open,rrt,5,3,4,1,0.03890000516548753,163.95402955434068,1,0.0,0.0,1
road_open,rrt,5,4,0,1,0.03919997834600508,164.05465485188952,1,0.0,0.0,1
road_open,rrt,5,4,1,1,0.039300008211284876,164.27510353728505,1,0.0,0.0,1
road_open,rrt,5,4,2,1,0.039000005926936865,163.8407551334267,1,0.0,0.0,1
road_open,rrt,5,4,3,1,0.040399987483397126,165.66891173513739,1,0.0,0.0,1
road_open,rrt,5,4,4,1,0.0399000127799809,163.95402955434068,1,0.0,0.0,1
road_open,rrt_star,5,0,0,1,412.6125000184402,166.0024579457363,1501,0.0,0.0,1
road_open,rrt_star,5,0,1,1,417.5231000117492,166.2010884783812,1501,0.0,0.0,1
road_open,rrt_star,5,0,2,1,422.377700015204,166.02755148956638,1501,0.0,0.0,1
road_open,rrt_star,5,0,3,1,441.3384000072256,167.6393484064992,1501,0.0,0.0,1
road_open,rrt_star,5,0,4,1,494.0395999874454,166.1592788060671,1501,0.0,0.0,1
road_open,rrt_star,5,1,0,1,450.68219999666326,167.24537208360638,1501,0.0,0.0,1
road_open,rrt_star,5,1,1,1,437.69359998987056,167.18526990833237,1501,0.0,0.0,1
road_open,rrt_star,5,1,2,1,431.7755000083707,166.74671268082847,1501,0.0,0.0,1
road_open,rrt_star,5,1,3,1,423.05129999294877,169.07020523231694,1501,0.0,0.0,1
road_open,rrt_star,5,1,4,1,429.4272999977693,166.85735092288837,1501,0.0,0.0,1
road_open,rrt_star,5,2,0,1,437.418899993645,169.00863346509087,1501,0.0,0.0,1
road_open,rrt_star,5,2,1,1,422.6892000006046,166.24439569729432,1501,0.0,0.0,1
road_open,rrt_star,5,2,2,1,436.53740000445396,166.7056392158482,1501,0.0,0.0,1
road_open,rrt_star,5,2,3,1,430.164599994896,167.94087534287036,1501,0.0,0.0,1
road_open,rrt_star,5,2,4,1,421.6020999883767,166.79671717683348,1501,0.0,0.0,1
road_open,rrt_star,5,3,0,1,430.81779999192804,170.75226878970255,1501,0.0,0.0,1
road_open,rrt_star,5,3,1,1,429.62949999491684,170.88805497663694,1501,0.0,0.0,1
road_open,rrt_star,5,3,2,1,441.75100000575185,170.46562769836962,1501,0.0,0.0,1
road_open,rrt_star,5,3,3,1,433.00240000826307,172.22872906710953,1501,0.0,0.0,1
road_open,rrt_star,5,3,4,1,480.3674000140745,170.56987575935935,1501,0.0,0.0,1
road_open,rrt_star,5,4,0,1,449.37350001418963,169.87866356797457,1501,0.0,0.0,1
road_open,rrt_star,5,4,1,1,442.61259998893365,168.2828847403038,1501,0.0,0.0,1
road_open,rrt_star,5,4,2,1,459.4288000080269,167.85563331667146,1501,0.0,0.0,1
road_open,rrt_star,5,4,3,1,448.0549999861978,175.90070179228815,1501,0.0,0.0,1
road_open,rrt_star,5,4,4,1,466.3207000121474,167.96753516938105,1501,0.0,0.0,1
road_open,astar,20,0,0,1,0.3501999890431762,232.02463496137946,8,0.1483794838706607,0.0,1
road_open,astar,20,0,1,1,0.32789999386295676,234.298180800331,8,1.9999999999999998,0.0,1
road_open,astar,20,0,2,1,0.3347000165376812,233.67981675632547,8,1.9999999999999998,0.0,1
road_open,astar,20,0,3,1,0.31889998354017735,236.29122170444109,8,1.9999999999999998,0.0,1
road_open,astar,20,0,4,1,0.32699998700991273,233.8434788178314,8,1.9999999999999998,0.0,1
road_open,astar,20,0,5,1,0.3192999865859747,236.81250709095204,8,1.9999999999999998,0.0,1
road_open,astar,20,0,6,1,0.32149997423402965,234.70894286123075,8,1.1649961719442974,0.0,1
road_open,astar,20,0,7,1,0.315399985993281,233.55286155513286,8,0.2969804269081666,0.0,1
road_open,astar,20,0,8,1,0.31579998903907835,233.7953958419444,8,1.9999999999999998,0.0,1
road_open,astar,20,0,9,1,0.31590001890435815,232.17953627844346,8,1.9999999999999998,0.0,1
road_open,astar,20,0,10,1,0.31790000502951443,230.77397783876089,8,1.9999999999999998,0.0,1
road_open,astar,20,0,11,1,0.5409999866969883,230.91880733718867,8,1.9999999999999998,0.0,1
road_open,astar,20,0,12,1,0.533799990080297,235.0799651965789,8,0.6528053996583969,0.0,1
road_open,astar,20,0,13,1,0.516200001584366,234.05206891112533,8,1.9999999999999998,0.0,1
road_open,astar,20,0,14,1,0.5645000201184303,233.96178572484993,8,0.6906972319645828,0.0,1
road_open,astar,20,0,15,1,0.5567000189330429,233.16987872053156,8,0.4978942210978854,0.0,1
road_open,astar,20,0,16,1,0.5017000075895339,233.57188334679626,8,1.9999999999999998,0.0,1
road_open,astar,20,0,17,1,0.3646999830380082,237.36316396092502,8,0.010633727696828466,0.0,1
road_open,astar,20,0,18,1,0.3192000149283558,229.51655155340768,8,1.9999999999999998,0.0,1
road_open,astar,20,0,19,1,0.3181000065524131,235.7837413847823,8,1.941523480886099,0.0,1
road_open,astar,20,1,0,1,0.3239999932702631,232.02463496137946,8,0.1483794838706607,0.0,1
road_open,astar,20,1,1,1,0.3284999984316528,234.298180800331,8,1.9999999999999998,0.0,1
road_open,astar,20,1,2,1,0.31289999606087804,233.67981675632547,8,1.9999999999999998,0.0,1
road_open,astar,20,1,3,1,0.31179998768493533,236.29122170444109,8,1.9999999999999998,0.0,1
road_open,astar,20,1,4,1,0.3129999968223274,233.8434788178314,8,1.9999999999999998,0.0,1
road_open,astar,20,1,5,1,0.31790000502951443,236.81250709095204,8,1.9999999999999998,0.0,1
road_open,astar,20,1,6,1,0.3111999831162393,234.70894286123075,8,1.1649961719442974,0.0,1
road_open,astar,20,1,7,1,0.3139000036753714,233.55286155513286,8,0.2969804269081666,0.0,1
road_open,astar,20,1,8,1,0.31109998235479,233.7953958419444,8,1.9999999999999998,0.0,1
road_open,astar,20,1,9,1,0.31170001602731645,232.17953627844346,8,1.9999999999999998,0.0,1
road_open,astar,20,1,10,1,0.3260999801568687,230.77397783876089,8,1.9999999999999998,0.0,1
road_open,astar,20,1,11,1,0.31790000502951443,230.91880733718867,8,1.9999999999999998,0.0,1
road_open,astar,20,1,12,1,0.35009998828172684,235.0799651965789,8,0.6528053996583969,0.0,1
road_open,astar,20,1,13,1,0.31380000291392207,234.05206891112533,8,1.9999999999999998,0.0,1
road_open,astar,20,1,14,1,0.32079999800771475,233.96178572484993,8,0.6906972319645828,0.0,1
road_open,astar,20,1,15,1,0.31209998996928334,233.16987872053156,8,0.4978942210978854,0.0,1
road_open,astar,20,1,16,1,0.3108999808318913,233.57188334679626,8,1.9999999999999998,0.0,1
road_open,astar,20,1,17,1,0.3119000175502151,237.36316396092502,8,0.010633727696828466,0.0,1
road_open,astar,20,1,18,1,0.31239999225363135,229.51655155340768,8,1.9999999999999998,0.0,1
road_open,astar,20,1,19,1,0.3155000158585608,235.7837413847823,8,1.941523480886099,0.0,1
road_open,astar,20,2,0,1,0.3116000152658671,232.02463496137946,8,0.1483794838706607,0.0,1
road_open,astar,20,2,1,1,0.312299991492182,234.298180800331,8,1.9999999999999998,0.0,1
road_open,astar,20,2,2,1,0.31319999834522605,233.67981675632547,8,1.9999999999999998,0.0,1
road_open,astar,20,2,3,1,0.3149000112898648,236.29122170444109,8,1.9999999999999998,0.0,1
road_open,astar,20,2,4,1,0.5907000158913434,233.8434788178314,8,1.9999999999999998,0.0,1
road_open,astar,20,2,5,1,0.5913999921176583,236.81250709095204,8,1.9999999999999998,0.0,1
road_open,astar,20,2,6,1,0.589100003708154,234.70894286123075,8,1.1649961719442974,0.0,1
road_open,astar,20,2,7,1,0.5698000022675842,233.55286155513286,8,0.2969804269081666,0.0,1
road_open,astar,20,2,8,1,0.5914999928791076,233.7953958419444,8,1.9999999999999998,0.0,1
road_open,astar,20,2,9,1,0.3862000012304634,232.17953627844346,8,1.9999999999999998,0.0,1
road_open,astar,20,2,10,1,0.3400999994482845,230.77397783876089,8,1.9999999999999998,0.0,1
road_open,astar,20,2,11,1,0.47030000132508576,230.91880733718867,8,1.9999999999999998,0.0,1
road_open,astar,20,2,12,1,0.4351999959908426,235.0799651965789,8,0.6528053996583969,0.0,1
road_open,astar,20,2,13,1,0.3205999964848161,234.05206891112533,8,1.9999999999999998,0.0,1
road_open,astar,20,2,14,1,0.3153000143356621,233.96178572484993,8,0.6906972319645828,0.0,1
road_open,astar,20,2,15,1,0.31430000672116876,233.16987872053156,8,0.4978942210978854,0.0,1
road_open,astar,20,2,16,1,0.3163000219501555,233.57188334679626,8,1.9999999999999998,0.0,1
road_open,astar,20,2,17,1,0.3161999920848757,237.36316396092502,8,0.010633727696828466,0.0,1
road_open,astar,20,2,18,1,0.31800000579096377,229.51655155340768,8,1.9999999999999998,0.0,1
road_open,astar,20,2,19,1,0.3145999799016863,235.7837413847823,8,1.941523480886099,0.0,1
road_open,astar,20,3,0,1,0.3141000051982701,232.02463496137946,8,0.1483794838706607,0.0,1
road_open,astar,20,3,1,1,0.31629999284632504,234.298180800331,8,1.9999999999999998,0.0,1
road_open,astar,20,3,2,1,0.3203999949619174,233.67981675632547,8,1.9999999999999998,0.0,1
road_open,astar,20,3,3,1,0.3133999998681247,236.29122170444109,8,1.9999999999999998,0.0,1
road_open,astar,20,3,4,1,0.32130000181496143,233.8434788178314,8,1.9999999999999998,0.0,1
road_open,astar,20,3,5,1,0.3129999968223274,236.81250709095204,8,1.9999999999999998,0.0,1
road_open,astar,20,3,6,1,0.3129999968223274,234.70894286123075,8,1.1649961719442974,0.0,1
road_open,astar,20,3,7,1,0.31740000122226775,233.55286155513286,8,0.2969804269081666,0.0,1
road_open,astar,20,3,8,1,0.31419997685588896,233.7953958419444,8,1.9999999999999998,0.0,1
road_open,astar,20,3,9,1,0.3121000190731138,232.17953627844346,8,1.9999999999999998,0.0,1
road_open,astar,20,3,10,1,0.31380000291392207,230.77397783876089,8,1.9999999999999998,0.0,1
road_open,astar,20,3,11,1,0.3141000051982701,230.91880733718867,8,1.9999999999999998,0.0,1
road_open,astar,20,3,12,1,0.36800000816583633,235.0799651965789,8,0.6528053996583969,0.0,1
road_open,astar,20,3,13,1,0.3328000020701438,234.05206891112533,8,1.9999999999999998,0.0,1
road_open,astar,20,3,14,1,0.32519997330382466,233.96178572484993,8,0.6906972319645828,0.0,1
road_open,astar,20,3,15,1,0.31430000672116876,233.16987872053156,8,0.4978942210978854,0.0,1
road_open,astar,20,3,16,1,0.35000001662410796,233.57188334679626,8,1.9999999999999998,0.0,1
road_open,astar,20,3,17,1,0.5889000021852553,237.36316396092502,8,0.010633727696828466,0.0,1
road_open,astar,20,3,18,1,0.545499991858378,229.51655155340768,8,1.9999999999999998,0.0,1
road_open,astar,20,3,19,1,0.5708000098820776,235.7837413847823,8,1.941523480886099,0.0,1
road_open,astar,20,4,0,1,0.5290000117383897,232.02463496137946,8,0.1483794838706607,0.0,1
road_open,astar,20,4,1,1,0.3245999978389591,234.298180800331,8,1.9999999999999998,0.0,1
road_open,astar,20,4,2,1,0.34160001087002456,233.67981675632547,8,1.9999999999999998,0.0,1
road_open,astar,20,4,3,1,0.3171999996993691,236.29122170444109,8,1.9999999999999998,0.0,1
road_open,astar,20,4,4,1,0.32640001154504716,233.8434788178314,8,1.9999999999999998,0.0,1
road_open,astar,20,4,5,1,0.3171999996993691,236.81250709095204,8,1.9999999999999998,0.0,1
road_open,astar,20,4,6,1,0.3161999920848757,234.70894286123075,8,1.1649961719442974,0.0,1
road_open,astar,20,4,7,1,0.3473999968264252,233.55286155513286,8,0.2969804269081666,0.0,1
road_open,astar,20,4,8,1,0.4928999987896532,233.7953958419444,8,1.9999999999999998,0.0,1
road_open,astar,20,4,9,1,0.3730999887920916,232.17953627844346,8,1.9999999999999998,0.0,1
road_open,astar,20,4,10,1,0.3195000172127038,230.77397783876089,8,1.9999999999999998,0.0,1
road_open,astar,20,4,11,1,0.32580000697635114,230.91880733718867,8,1.9999999999999998,0.0,1
road_open,astar,20,4,12,1,0.3389000194147229,235.0799651965789,8,0.6528053996583969,0.0,1
road_open,astar,20,4,13,1,0.3164999943692237,234.05206891112533,8,1.9999999999999998,0.0,1
road_open,astar,20,4,14,1,0.31949998810887337,233.96178572484993,8,0.6906972319645828,0.0,1
road_open,astar,20,4,15,1,0.31790000502951443,233.16987872053156,8,0.4978942210978854,0.0,1
road_open,astar,20,4,16,1,0.3239000216126442,233.57188334679626,8,1.9999999999999998,0.0,1
road_open,astar,20,4,17,1,0.3181000065524131,237.36316396092502,8,0.010633727696828466,0.0,1
road_open,astar,20,4,18,1,0.31659999513067305,229.51655155340768,8,1.9999999999999998,0.0,1
road_open,astar,20,4,19,1,0.31560001662001014,235.7837413847823,8,1.941523480886099,0.0,1
road_open,rrt,20,0,0,1,0.05219999002292752,164.05465485188952,1,0.0,0.0,1
road_open,rrt,20,0,1,1,0.04239997360855341,164.27510353728505,1,0.0,0.0,1
road_open,rrt,20,0,2,1,0.039300008211284876,163.8407551334267,1,0.0,0.0,1
road_open,rrt,20,0,3,1,0.039300008211284876,165.66891173513739,1,0.0,0.0,1
road_open,rrt,20,0,4,1,0.044100015657022595,163.95402955434068,1,0.0,0.0,1
road_open,rrt,20,0,5,1,0.04110002191737294,166.03868395868636,1,0.0,0.0,1
road_open,rrt,20,0,6,1,0.039300008211284876,165.16627896503306,1,0.0,0.0,1
road_open,rrt,20,0,7,1,0.044199987314641476,164.99413705424558,1,0.0,0.0,1
road_open,rrt,20,0,8,1,0.03920000744983554,163.91051319721768,1,0.0,0.0,1
road_open,rrt,20,0,9,1,0.03880000440403819,162.78495858195342,1,0.0,0.0,1
road_open,rrt,20,0,10,1,0.03850000211969018,161.80348079090965,1,0.0,0.0,1
road_open,rrt,20,0,11,1,0.03860000288113952,161.8951070673231,1,0.0,0.0,1
road_open,rrt,20,0,12,1,0.03980001201853156,165.79249454850972,1,0.0,0.0,1
road_open,rrt,20,0,13,1,0.03950000973418355,164.10681886950596,1,0.0,0.0,1
road_open,rrt,20,0,14,1,0.03890000516548753,164.99090378742505,1,0.0,0.0,1
road_open,rrt,20,0,15,1,0.03920000744983554,164.58485572862327,1,0.0,0.0,1
road_open,rrt,20,0,16,1,0.039099977584555745,163.7631430534122,1,0.0,0.0,1
road_open,rrt,20,0,17,1,0.03960001049563289,167.84385682338183,1,0.0,0.0,1
road_open,rrt,20,0,18,1,0.03779999678954482,160.96421229314342,1,0.0,0.0,1
road_open,rrt,20,0,19,1,0.03940000897273421,165.3592411904225,1,0.0,0.0,1
road_open,rrt,20,1,0,1,0.04080001963302493,164.05465485188952,1,0.0,0.0,1
road_open,rrt,20,1,1,1,0.041399995097890496,164.27510353728505,1,0.0,0.0,1
road_open,rrt,20,1,2,1,0.05569998756982386,163.8407551334267,1,0.0,0.0,1
road_open,rrt,20,1,3,1,0.04040001658722758,165.66891173513739,1,0.0,0.0,1
road_open,rrt,20,1,4,1,0.038799975300207734,163.95402955434068,1,0.0,0.0,1
road_open,rrt,20,1,5,1,0.03959998139180243,166.03868395868636,1,0.0,0.0,1
road_open,rrt,20,1,6,1,0.0391000066883862,165.16627896503306,1,0.0,0.0,1
road_open,rrt,20,1,7,1,0.05390000296756625,164.99413705424558,1,0.0,0.0,1
road_open,rrt,20,1,8,1,0.039399979868903756,163.91051319721768,1,0.0,0.0,1
road_open,rrt,20,1,9,1,0.04080001963302493,162.78495858195342,1,0.0,0.0,1
road_open,rrt,20,1,10,1,0.0391000066883862,161.80348079090965,1,0.0,0.0,1
road_open,rrt,20,1,11,1,0.04270000499673188,161.8951070673231,1,0.0,0.0,1
road_open,rrt,20,1,12,1,0.03940000897273421,165.79249454850972,1,0.0,0.0,1
road_open,rrt,20,1,13,1,0.0391000066883862,164.10681886950596,1,0.0,0.0,1
road_open,rrt,20,1,14,1,0.03919997834600508,164.99090378742505,1,0.0,0.0,1
road_open,rrt,20,1,15,1,0.039700011257082224,164.58485572862327,1,0.0,0.0,1
road_open,rrt,20,1,16,1,0.03929997910745442,163.7631430534122,1,0.0,0.0,1
road_open,rrt,20,1,17,1,0.04010001430287957,167.84385682338183,1,0.0,0.0,1
road_open,rrt,20,1,18,1,0.03809999907389283,160.96421229314342,1,0.0,0.0,1
road_open,rrt,20,1,19,1,0.09509999654255807,165.3592411904225,1,0.0,0.0,1
road_open,rrt,20,2,0,1,0.0686999992467463,164.05465485188952,1,0.0,0.0,1
road_open,rrt,20,2,1,1,0.06910000229254365,164.27510353728505,1,0.0,0.0,1
road_open,rrt,20,2,2,1,0.06999998004175723,163.8407551334267,1,0.0,0.0,1
road_open,rrt,20,2,3,1,0.07040001219138503,165.66891173513739,1,0.0,0.0,1
road_open,rrt,20,2,4,1,0.07040001219138503,163.95402955434068,1,0.0,0.0,1
road_open,rrt,20,2,5,1,0.0748000165913254,166.03868395868636,1,0.0,0.0,1
road_open,rrt,20,2,6,1,0.07249999907799065,165.16627896503306,1,0.0,0.0,1
road_open,rrt,20,2,7,1,0.06809999467805028,164.99413705424558,1,0.0,0.0,1
road_open,rrt,20,2,8,1,0.07840001489967108,163.91051319721768,1,0.0,0.0,1
road_open,rrt,20,2,9,1,0.07039998308755457,162.78495858195342,1,0.0,0.0,1
road_open,rrt,20,2,10,1,0.06930000381544232,161.80348079090965,1,0.0,0.0,1
road_open,rrt,20,2,11,1,0.13000000035390258,161.8951070673231,1,0.0,0.0,1
road_open,rrt,20,2,12,1,0.06469999789260328,165.79249454850972,1,0.0,0.0,1
road_open,rrt,20,2,13,1,0.05460000829771161,164.10681886950596,1,0.0,0.0,1
road_open,rrt,20,2,14,1,0.060999998822808266,164.99090378742505,1,0.0,0.0,1
road_open,rrt,20,2,15,1,0.041099992813542485,164.58485572862327,1,0.0,0.0,1
road_open,rrt,20,2,16,1,0.04099999205209315,163.7631430534122,1,0.0,0.0,1
road_open,rrt,20,2,17,1,0.0678999931551516,167.84385682338183,1,0.0,0.0,1
road_open,rrt,20,2,18,1,0.06010002107359469,160.96421229314342,1,0.0,0.0,1
road_open,rrt,20,2,19,1,0.06439999560825527,165.3592411904225,1,0.0,0.0,1
road_open,rrt,20,3,0,1,0.05829997826367617,164.05465485188952,1,0.0,0.0,1
road_open,rrt,20,3,1,1,0.04429998807609081,164.27510353728505,1,0.0,0.0,1
road_open,rrt,20,3,2,1,0.03989998367615044,163.8407551334267,1,0.0,0.0,1
road_open,rrt,20,3,3,1,0.08589998469687998,165.66891173513739,1,0.0,0.0,1
road_open,rrt,20,3,4,1,0.04049998824484646,163.95402955434068,1,0.0,0.0,1
road_open,rrt,20,3,5,1,0.04029998672194779,166.03868395868636,1,0.0,0.0,1
road_open,rrt,20,3,6,1,0.03989998367615044,165.16627896503306,1,0.0,0.0,1
road_open,rrt,20,3,7,1,0.04309997893869877,164.99413705424558,1,0.0,0.0,1
road_open,rrt,20,3,8,1,0.04060001811012626,163.91051319721768,1,0.0,0.0,1
road_open,rrt,20,3,9,1,0.03940000897273421,162.78495858195342,1,0.0,0.0,1
road_open,rrt,20,3,10,1,0.039000005926936865,161.80348079090965,1,0.0,0.0,1
road_open,rrt,20,3,11,1,0.03860000288113952,161.8951070673231,1,0.0,0.0,1
road_open,rrt,20,3,12,1,0.040099985199049115,165.79249454850972,1,0.0,0.0,1
road_open,rrt,20,3,13,1,0.0850000069476664,164.10681886950596,1,0.0,0.0,1
road_open,rrt,20,3,14,1,0.0675999908708036,164.99090378742505,1,0.0,0.0,1
road_open,rrt,20,3,15,1,0.06489999941550195,164.58485572862327,1,0.0,0.0,1
road_open,rrt,20,3,16,1,0.06719998782500625,163.7631430534122,1,0.0,0.0,1
road_open,rrt,20,3,17,1,0.06940000457689166,167.84385682338183,1,0.0,0.0,1
road_open,rrt,20,3,18,1,0.0467000063508749,160.96421229314342,1,0.0,0.0,1
road_open,rrt,20,3,19,1,0.04539999645203352,165.3592411904225,1,0.0,0.0,1
road_open,rrt,20,4,0,1,0.04719998105429113,164.05465485188952,1,0.0,0.0,1
road_open,rrt,20,4,1,1,0.0509000092279166,164.27510353728505,1,0.0,0.0,1
road_open,rrt,20,4,2,1,0.06590000702999532,163.8407551334267,1,0.0,0.0,1
road_open,rrt,20,4,3,1,0.06439999560825527,165.66891173513739,1,0.0,0.0,1
road_open,rrt,20,4,4,1,0.05789997521787882,163.95402955434068,1,0.0,0.0,1
road_open,rrt,20,4,5,1,0.05600001895800233,166.03868395868636,1,0.0,0.0,1
road_open,rrt,20,4,6,1,0.062000006437301636,165.16627896503306,1,0.0,0.0,1
road_open,rrt,20,4,7,1,0.07239999831654131,164.99413705424558,1,0.0,0.0,1
road_open,rrt,20,4,8,1,0.06439999560825527,163.91051319721768,1,0.0,0.0,1
road_open,rrt,20,4,9,1,0.06379999103955925,162.78495858195342,1,0.0,0.0,1
road_open,rrt,20,4,10,1,0.0653000024612993,161.80348079090965,1,0.0,0.0,1
road_open,rrt,20,4,11,1,0.0653000024612993,161.8951070673231,1,0.0,0.0,1
road_open,rrt,20,4,12,1,0.0481999886687845,165.79249454850972,1,0.0,0.0,1
road_open,rrt,20,4,13,1,0.04010001430287957,164.10681886950596,1,0.0,0.0,1
road_open,rrt,20,4,14,1,0.06719998782500625,164.99090378742505,1,0.0,0.0,1
road_open,rrt,20,4,15,1,0.0680000230204314,164.58485572862327,1,0.0,0.0,1
road_open,rrt,20,4,16,1,0.055899989092722535,163.7631430534122,1,0.0,0.0,1
road_open,rrt,20,4,17,1,0.04239997360855341,167.84385682338183,1,0.0,0.0,1
road_open,rrt,20,4,18,1,0.03890000516548753,160.96421229314342,1,0.0,0.0,1
road_open,rrt,20,4,19,1,0.03999998443759978,165.3592411904225,1,0.0,0.0,1
road_open,rrt_star,20,0,0,1,467.07450001849793,166.0024579457363,1501,0.0,0.0,1
road_open,rrt_star,20,0,1,1,436.3755999947898,166.2010884783812,1501,0.0,0.0,1
road_open,rrt_star,20,0,2,1,468.4308999858331,166.02755148956638,1501,0.0,0.0,1
road_open,rrt_star,20,0,3,1,427.93879998498596,167.6393484064992,1501,0.0,0.0,1
road_open,rrt_star,20,0,4,1,430.3942999977153,166.1592788060671,1501,0.0,0.0,1
road_open,rrt_star,20,0,5,1,427.6034999929834,168.1050988303998,1501,0.0,0.0,1
road_open,rrt_star,20,0,6,1,434.2620999959763,166.88776836926104,1501,0.0,0.0,1
road_open,rrt_star,20,0,7,1,427.88419997668825,167.0063249024632,1501,0.0,0.0,1
road_open,rrt_star,20,0,8,1,431.06219999026507,165.91211251114578,1501,0.0,0.0,1
road_open,rrt_star,20,0,9,1,435.388799989596,166.06999117808095,1501,0.0,0.0,1
road_open,rrt_star,20,0,10,1,431.7567000107374,163.28679366291612,1501,0.0,0.0,1
road_open,rrt_star,20,0,11,1,449.72810000763275,163.47430811175116,1501,0.0,0.0,1
road_open,rrt_star,20,0,12,1,430.26239998289384,167.50677751692047,1501,0.0,0.0,1
road_open,rrt_star,20,0,13,1,433.63690000842325,166.27917429190714,1501,0.0,0.0,1
road_open,rrt_star,20,0,14,1,448.2603000069503,167.05819412944987,1501,0.0,0.0,1
road_open,rrt_star,20,0,15,1,430.3583000146318,166.5967312114345,1501,0.0,0.0,1
road_open,rrt_star,20,0,16,1,431.2111999897752,165.95760375341155,1501,0.0,0.0,1
road_open,rrt_star,20,0,17,1,430.04839998320676,171.30166869308874,1501,0.0,0.0,1
road_open,rrt_star,20,0,18,1,431.0486999747809,162.9993001855597,1501,0.0,0.0,1
road_open,rrt_star,20,0,19,1,420.9225000231527,166.91237627639478,1501,0.0,0.0,1
road_open,rrt_star,20,1,0,1,441.95049998234026,167.24537208360638,1501,0.0,0.0,1
road_open,rrt_star,20,1,1,1,445.82230001105927,167.18526990833237,1501,0.0,0.0,1
road_open,rrt_star,20,1,2,1,436.93270001676865,166.74671268082847,1501,0.0,0.0,1
road_open,rrt_star,20,1,3,1,444.1808999981731,169.07020523231694,1501,0.0,0.0,1
road_open,rrt_star,20,1,4,1,432.8026000002865,166.85735092288837,1501,0.0,0.0,1
road_open,rrt_star,20,1,5,1,456.3666000030935,170.3221319609871,1501,0.0,0.0,1
road_open,rrt_star,20,1,6,1,433.9002999768127,168.1380320032575,1501,0.0,0.0,1
road_open,rrt_star,20,1,7,1,425.4095999931451,168.0499743694179,1501,0.0,0.0,1
road_open,rrt_star,20,1,8,1,425.9237999795005,166.79355754808844,1501,0.0,0.0,1
road_open,rrt_star,20,1,9,1,423.0251999979373,166.97745499747225,1501,0.0,0.0,1
road_open,rrt_star,20,1,10,1,428.0862000014167,166.8304543864946,1501,0.0,0.0,1
road_open,rrt_star,20,1,11,1,424.2435999913141,166.9832226490534,1501,0.0,0.0,1
road_open,rrt_star,20,1,12,1,438.9989000046626,168.79736086563878,1501,0.0,0.0,1
road_open,rrt_star,20,1,13,1,425.3076000022702,167.025937005374,1501,0.0,0.0,1
road_open,rrt_star,20,1,14,1,420.05869999411516,168.00642667637226,1501,0.0,0.0,1
road_open,rrt_star,20,1,15,1,423.87389999930747,167.62946338447733,1501,0.0,0.0,1
road_open,rrt_star,20,1,16,1,426.7761000082828,166.66461409230743,1501,0.0,0.0,1
road_open,rrt_star,20,1,17,1,450.24770000600256,170.92641895461202,1501,0.0,0.0,1
road_open,rrt_star,20,1,18,1,491.95859997416846,165.80178103676874,1501,0.0,0.0,1
road_open,rrt_star,20,1,19,1,467.8437999973539,168.28119526727033,1501,0.0,0.0,1
road_open,rrt_star,20,2,0,1,474.8894999793265,169.00863346509087,1501,0.0,0.0,1
road_open,rrt_star,20,2,1,1,460.8576000027824,166.24439569729432,1501,0.0,0.0,1
road_open,rrt_star,20,2,2,1,489.6454999980051,166.7056392158482,1501,0.0,0.0,1
road_open,rrt_star,20,2,3,1,445.5203000106849,167.94087534287036,1501,0.0,0.0,1
road_open,rrt_star,20,2,4,1,530.7489999977406,166.79671717683348,1501,0.0,0.0,1
road_open,rrt_star,20,2,5,1,508.49579999339767,168.40707441235753,1501,0.0,0.0,1
road_open,rrt_star,20,2,6,1,474.1511999745853,167.1997846979328,1501,0.0,0.0,1
road_open,rrt_star,20,2,7,1,519.6657000051346,166.91113180426694,1501,0.0,0.0,1
road_open,rrt_star,20,2,8,1,473.0539000011049,166.29278661129896,1501,0.0,0.0,1
road_open,rrt_star,20,2,9,1,425.37730000913143,163.98909239063315,1501,0.0,0.0,1
road_open,rrt_star,20,2,10,1,423.92929998459294,162.99703600093235,1501,0.0,0.0,1
road_open,rrt_star,20,2,11,1,434.1425000166055,163.1059361184742,1501,0.0,0.0,1
road_open,rrt_star,20,2,12,1,439.38389999675564,168.02829556054027,1501,0.0,0.0,1
road_open,rrt_star,20,2,13,1,430.91629998525605,166.99582393846987,1501,0.0,0.0,1
road_open,rrt_star,20,2,14,1,420.43979998561554,166.91309965475915,1501,0.0,0.0,1
road_open,rrt_star,20,2,15,1,437.357000017073,168.57011299810878,1501,0.0,0.0,1
road_open,rrt_star,20,2,16,1,420.79579998971894,166.617156468605,1501,0.0,0.0,1
road_open,rrt_star,20,2,17,1,428.4392999834381,170.26068502549876,1501,0.0,0.0,1
road_open,rrt_star,20,2,18,1,427.76779999257997,162.15174542971158,1501,0.0,0.0,1
road_open,rrt_star,20,2,19,1,425.2521999878809,167.4456210174337,1501,0.0,0.0,1
road_open,rrt_star,20,3,0,1,457.3351999861188,170.75226878970255,1501,0.0,0.0,1
road_open,rrt_star,20,3,1,1,478.44120001536794,170.88805497663694,1501,0.0,0.0,1
road_open,rrt_star,20,3,2,1,474.7530999884475,170.46562769836962,1501,0.0,0.0,1
road_open,rrt_star,20,3,3,1,485.3524999925867,172.22872906710953,1501,0.0,0.0,1
road_open,rrt_star,20,3,4,1,525.4308999865316,170.56987575935935,1501,0.0,0.0,1
road_open,rrt_star,20,3,5,1,440.6279999820981,172.7567990400696,1501,0.0,0.0,1
road_open,rrt_star,20,3,6,1,518.6397999932524,171.79678574220569,1501,0.0,0.0,1
road_open,rrt_star,20,3,7,1,608.251099998597,171.65246199544467,1501,0.0,0.0,1
road_open,rrt_star,20,3,8,1,476.7897000128869,170.48609203583956,1501,0.0,0.0,1
road_open,rrt_star,20,3,9,1,518.7754000071436,169.43272724144524,1501,0.0,0.0,1
road_open,rrt_star,20,3,10,1,463.3664999855682,168.49552394931604,1501,0.0,0.0,1
road_open,rrt_star,20,3,11,1,433.89770001522265,168.55658556822678,1501,0.0,0.0,1
road_open,rrt_star,20,3,12,1,431.64719999185763,172.36414022341253,1501,0.0,0.0,1
road_open,rrt_star,20,3,13,1,439.13549999706447,170.73972201272593,1501,0.0,0.0,1
road_open,rrt_star,20,3,14,1,445.4033999936655,171.6382493737428,1501,0.0,0.0,1
road_open,rrt_star,20,3,15,1,436.7111000174191,171.25114836503192,1501,0.0,0.0,1
road_open,rrt_star,20,3,16,1,437.74029999622144,170.3840208140452,1501,0.0,0.0,1
road_open,rrt_star,20,3,17,1,440.2708999987226,173.63774934903958,1501,0.0,0.0,1
road_open,rrt_star,20,3,18,1,439.88119999994524,165.22740025863465,1501,0.0,0.0,1
road_open,rrt_star,20,3,19,1,442.0893999922555,171.94333048403627,1501,0.0,0.0,1
road_open,rrt_star,20,4,0,1,432.334000011906,169.87866356797457,1501,0.0,0.0,1
road_open,rrt_star,20,4,1,1,444.1311999980826,168.2828847403038,1501,0.0,0.0,1
road_open,rrt_star,20,4,2,1,465.71360001689754,167.85563331667146,1501,0.0,0.0,1
road_open,rrt_star,20,4,3,1,444.79820001288317,175.90070179228815,1501,0.0,0.0,1
road_open,rrt_star,20,4,4,1,540.7714000029955,167.96753516938105,1501,0.0,0.0,1
road_open,rrt_star,20,4,5,1,571.9423999835271,176.35026776672498,1501,0.0,0.0,1
road_open,rrt_star,20,4,6,1,507.2132000059355,174.2991462809812,1501,0.0,0.0,1
road_open,rrt_star,20,4,7,1,476.23669999302365,174.36317046890414,1501,0.0,0.0,1
road_open,rrt_star,20,4,8,1,531.4607000036631,167.3333102570747,1501,0.0,0.0,1
road_open,rrt_star,20,4,9,1,495.53800001740456,165.5208492305058,1501,0.0,0.0,1
road_open,rrt_star,20,4,10,1,477.0208999980241,167.81474467910357,1501,0.0,0.0,1
road_open,rrt_star,20,4,11,1,599.2185000213794,167.88809832611685,1501,0.0,0.0,1
road_open,rrt_star,20,4,12,1,474.0383999887854,174.88407837618698,1501,0.0,0.0,1
road_open,rrt_star,20,4,13,1,545.7297000102699,169.96900390455522,1501,0.0,0.0,1
road_open,rrt_star,20,4,14,1,469.0948000061326,175.6096984853149,1501,0.0,0.0,1
road_open,rrt_star,20,4,15,1,438.5119999933522,170.39838783008494,1501,0.0,0.0,1
road_open,rrt_star,20,4,16,1,434.58870000904426,167.7754154704673,1501,0.0,0.0,1
road_open,rrt_star,20,4,17,1,438.6495999933686,179.24698581547008,1501,0.0,0.0,1
road_open,rrt_star,20,4,18,1,447.1424999937881,167.60644431520373,1501,0.0,0.0,1
road_open,rrt_star,20,4,19,1,478.588400001172,176.44855513749536,1501,0.0,0.0,1
road_detour,astar,1,0,0,0,0.08509997860528529,0.0,1,0.6736036990569588,0.4607586347518615,0
road_detour,astar,1,1,0,0,0.069500005338341,0.0,1,0.6736036990569588,0.4607586347518615,0
road_detour,astar,1,2,0,0,0.0740000104997307,0.0,1,0.6736036990569588,0.4607586347518615,0
road_detour,astar,1,3,0,0,0.11040002573281527,0.0,1,0.6736036990569588,0.4607586347518615,0
road_detour,astar,1,4,0,0,0.10969999129883945,0.0,1,0.6736036990569588,0.4607586347518615,0
road_detour,rrt,1,0,0,1,0.7909999985713512,117.74093672493139,61,0.0,0.0,1
road_detour,rrt,1,1,0,1,0.6578000029549003,109.28201101140908,66,0.0,0.0,1
road_detour,rrt,1,2,0,1,0.7434999861288816,122.3096082213577,77,0.0,0.0,1
road_detour,rrt,1,3,0,1,0.43149999692104757,103.63951193868152,49,0.0,0.0,1
road_detour,rrt,1,4,0,1,0.4215999797452241,110.94887412072757,53,0.0,0.0,1
road_detour,rrt_star,1,0,0,1,602.2832000162452,96.7007935611823,1500,0.0,0.0,1
road_detour,rrt_star,1,1,0,1,608.0106000008527,96.51412667473386,1499,0.0,0.0,1
road_detour,rrt_star,1,2,0,1,616.0809000139125,96.69558535203569,1498,0.0,0.0,1
road_detour,rrt_star,1,3,0,1,537.0355000195559,96.4817799014906,1499,0.0,0.0,1
road_detour,rrt_star,1,4,0,1,657.1942000009585,96.4531992571234,1496,0.0,0.0,1
road_detour,astar,5,0,0,0,0.23209999199025333,0.0,1,0.6736036990569588,0.4607586347518615,0
road_detour,astar,5,0,1,0,0.11430002632550895,0.0,1,1.0664666583226703,0.4725788816666996,0
road_detour,astar,5,0,2,0,0.13949998538009822,0.0,1,0.23472390092492268,1.195750191531201,0
road_detour,astar,5,0,3,0,0.12240000069141388,0.0,1,0.7673652232278114,1.4579320880137416,0
road_detour,astar,5,0,4,0,0.1720000000204891,0.0,1,1.3911745835273828,1.4016065378463038,0
road_detour,astar,5,1,0,0,0.14269998064264655,0.0,1,0.6736036990569588,0.4607586347518615,0
road_detour,astar,5,1,1,0,0.09470002260059118,0.0,1,1.0664666583226703,0.4725788816666996,0
road_detour,astar,5,1,2,0,0.10959999053739011,0.0,1,0.23472390092492268,1.195750191531201,0
road_detour,astar,5,1,3,0,0.12129999231547117,0.0,1,0.7673652232278114,1.4579320880137416,0
road_detour,astar,5,1,4,0,0.11079999967478216,0.0,1,1.3911745835273828,1.4016065378463038,0
road_detour,astar,5,2,0,0,0.11229998199269176,0.0,1,0.6736036990569588,0.4607586347518615,0
road_detour,astar,5,2,1,0,0.11170000652782619,0.0,1,1.0664666583226703,0.4725788816666996,0
road_detour,astar,5,2,2,0,0.11289998656138778,0.0,1,0.23472390092492268,1.195750191531201,0
road_detour,astar,5,2,3,0,0.11140000424347818,0.0,1,0.7673652232278114,1.4579320880137416,0
road_detour,astar,5,2,4,0,0.10430000838823617,0.0,1,1.3911745835273828,1.4016065378463038,0
road_detour,astar,5,3,0,0,0.11019999510608613,0.0,1,0.6736036990569588,0.4607586347518615,0
road_detour,astar,5,3,1,0,0.11029999586753547,0.0,1,1.0664666583226703,0.4725788816666996,0
road_detour,astar,5,3,2,0,0.11370002175681293,0.0,1,0.23472390092492268,1.195750191531201,0
road_detour,astar,5,3,3,0,0.1275999820791185,0.0,1,0.7673652232278114,1.4579320880137416,0
road_detour,astar,5,3,4,0,0.10439998004585505,0.0,1,1.3911745835273828,1.4016065378463038,0
road_detour,astar,5,4,0,0,0.10050000855699182,0.0,1,0.6736036990569588,0.4607586347518615,0
road_detour,astar,5,4,1,0,0.09600000339560211,0.0,1,1.0664666583226703,0.4725788816666996,0
road_detour,astar,5,4,2,0,0.09590000263415277,0.0,1,0.23472390092492268,1.195750191531201,0
road_detour,astar,5,4,3,0,0.09499999578110874,0.0,1,0.7673652232278114,1.4579320880137416,0
road_detour,astar,5,4,4,0,0.09389998740516603,0.0,1,1.3911745835273828,1.4016065378463038,0
road_detour,rrt,5,0,0,1,0.7594000198878348,117.74093672493139,61,0.0,0.0,1
road_detour,rrt,5,0,1,1,0.7366000209003687,117.7347784366975,61,0.0,0.0,1
road_detour,rrt,5,0,2,1,0.732100015738979,117.73161943604018,61,0.0,0.0,1
road_detour,rrt,5,0,3,1,0.7451000274159014,117.74206042937773,61,0.0,0.0,1
road_detour,rrt,5,0,4,1,0.7289999921340495,117.74800898441507,61,0.0,0.0,1
road_detour,rrt,5,1,0,1,0.8335000020451844,109.28201101140908,66,0.0,0.0,1
road_detour,rrt,5,1,1,1,0.8015000203158706,109.24195138715145,66,0.0,0.0,1
road_detour,rrt,5,1,2,1,0.9551999974064529,111.93783570252346,65,0.0,0.0,1
road_detour,rrt,5,1,3,1,0.6006999756209552,109.10059973522645,66,0.0,0.0,1
road_detour,rrt,5,1,4,1,0.648700020974502,109.30875948451163,66,0.0,0.0,1
road_detour,rrt,5,2,0,1,0.7293999951798469,122.3096082213577,77,0.0,0.0,1
road_detour,rrt,5,2,1,1,0.8782999939285219,122.22729224340502,77,0.0,0.0,1
road_detour,rrt,5,2,2,1,0.5189999938011169,118.16944314037639,63,0.0,0.0,1
road_detour,rrt,5,2,3,1,0.5154999962542206,119.63248941178456,62,0.0,0.0,1
road_detour,rrt,5,2,4,1,0.9323999984189868,122.35868000927542,77,0.0,0.0,1
road_detour,rrt,5,3,0,1,0.45670001418329775,103.63951193868152,49,0.0,0.0,1
road_detour,rrt,5,3,1,1,0.45590000809170306,103.68518260890984,49,0.0,0.0,1
road_detour,rrt,5,3,2,1,0.36479998379945755,103.73191435686275,49,0.0,0.0,1
road_detour,rrt,5,3,3,1,0.35299998125992715,103.91293514049222,49,0.0,0.0,1
road_detour,rrt,5,3,4,1,0.35280000884085894,103.61596440071861,49,0.0,0.0,1
road_detour,rrt,5,4,0,1,0.42130000656470656,110.94887412072757,53,0.0,0.0,1
road_detour,rrt,5,4,1,1,0.4861000052187592,110.97333260154691,53,0.0,0.0,1
road_detour,rrt,5,4,2,1,0.5126000032760203,111.42416226394712,52,0.0,0.0,1
road_detour,rrt,5,4,3,1,0.4037999897263944,111.95033857455957,52,0.0,0.0,1
road_detour,rrt,5,4,4,1,0.6139000179246068,110.93934934767476,53,0.0,0.0,1
road_detour,rrt_star,5,0,0,1,624.0702999930363,96.7007935611823,1500,0.0,0.0,1
road_detour,rrt_star,5,0,1,1,629.9590000126045,96.72308010396435,1500,0.0,0.0,1
road_detour,rrt_star,5,0,2,1,549.1206999868155,97.10125324530529,1501,0.0,0.0,1
road_detour,rrt_star,5,0,3,1,543.8894999970216,96.96141951021242,1501,0.0,0.0,1
road_detour,rrt_star,5,0,4,1,550.1798999903258,96.69084041868223,1500,0.0,0.0,1
road_detour,rrt_star,5,1,0,1,578.5146999987774,96.51412667473386,1499,0.0,0.0,1
road_detour,rrt_star,5,1,1,1,540.7516999985091,96.72208020842874,1499,0.0,0.0,1
road_detour,rrt_star,5,1,2,1,552.8774000122212,96.29438402290171,1500,0.0,0.0,1
road_detour,rrt_star,5,1,3,1,543.1299000047147,96.4080986569495,1499,0.0,0.0,1
road_detour,rrt_star,5,1,4,1,529.2808000231162,96.73678792038777,1497,0.0,0.0,1
road_detour,rrt_star,5,2,0,1,591.5258000022732,96.69558535203569,1498,0.0,0.0,1
road_detour,rrt_star,5,2,1,1,606.5134999807924,96.7163730490086,1498,0.0,0.0,1
road_detour,rrt_star,5,2,2,1,613.6363999976311,96.74868370986758,1498,0.0,0.0,1
road_detour,rrt_star,5,2,3,1,638.3590000041295,96.4736798895003,1498,0.0,0.0,1
road_detour,rrt_star,5,2,4,1,562.9627000016626,96.68788206643144,1498,0.0,0.0,1
road_detour,rrt_star,5,3,0,1,625.8237999863923,96.4817799014906,1499,0.0,0.0,1
road_detour,rrt_star,5,3,1,1,580.7017000042833,96.47681256880226,1500,0.0,0.0,1
road_detour,rrt_star,5,3,2,1,631.4132999978028,96.46523885568314,1498,0.0,0.0,1
road_detour,rrt_star,5,3,3,1,585.8936000149697,96.4639462288455,1498,0.0,0.0,1
road_detour,rrt_star,5,3,4,1,594.9657000019215,96.60038152631716,1500,0.0,0.0,1
road_detour,rrt_star,5,4,0,1,546.8786999990698,96.4531992571234,1496,0.0,0.0,1
road_detour,rrt_star,5,4,1,1,552.7874999970663,96.47221031731623,1498,0.0,0.0,1
road_detour,rrt_star,5,4,2,1,537.4261999968439,97.02351567350962,1496,0.0,0.0,1
road_detour,rrt_star,5,4,3,1,569.7935000061989,97.15834780316149,1497,0.0,0.0,1
road_detour,rrt_star,5,4,4,1,533.6894000065513,96.4442211567156,1498,0.0,0.0,1
road_detour,astar,20,0,0,0,0.08560001151636243,0.0,1,0.6736036990569588,0.4607586347518615,0
road_detour,astar,20,0,1,0,0.06819999543949962,0.0,1,1.0664666583226703,0.4725788816666996,0
road_detour,astar,20,0,2,0,0.06660001236014068,0.0,1,0.23472390092492268,1.195750191531201,0
road_detour,astar,20,0,3,0,0.06489999941550195,0.0,1,0.7673652232278114,1.4579320880137416,0
road_detour,astar,20,0,4,0,0.0667999847792089,0.0,1,1.3911745835273828,1.4016065378463038,0
road_detour,astar,20,0,5,0,0.06590000702999532,0.0,1,1.3433101834218073,0.07350811640090527,0
road_detour,astar,20,0,6,0,0.06520000169984996,0.0,1,0.9279998819283609,0.06226415247218098,0
road_detour,astar,20,0,7,0,0.06590000702999532,0.0,1,0.1601102203204796,0.15855570919854234,0
road_detour,astar,20,0,8,0,0.06479999865405262,0.0,1,0.7259623698051256,0.4134726987197572,0
road_detour,astar,20,0,9,0,0.06600000779144466,0.0,1,0.9265710630872549,0.9726384818036835,0
road_detour,astar,20,0,10,0,0.06570000550709665,0.0,1,0.8959780734042466,1.3145787155881479,0
road_detour,astar,20,0,11,0,0.06630001007579267,0.0,1,0.8451236626794111,0.9085035692349664,0
road_detour,astar,20,0,12,0,0.07330000516958535,0.0,1,0.1608227033098404,1.3275047791931662,0
road_detour,astar,20,0,13,0,0.06580000626854599,0.0,1,0.31096727792430956,1.052683823175383,0
road_detour,astar,20,0,14,0,0.06660001236014068,0.0,1,1.2932057740689271,0.6439241546657235,0
road_detour,astar,20,0,15,0,0.06590000702999532,0.0,1,0.5892139642292656,1.3490397902241664,0
road_detour,astar,20,0,16,0,0.06489999941550195,0.0,1,0.9122406392929886,0.05106913952194003,0
road_detour,astar,20,0,17,0,0.06500000017695129,0.0,1,0.6161572563431328,1.1115252787272754,0
road_detour,astar,20,0,18,0,0.06550000398419797,0.0,1,1.2954085813269494,1.306926074247103,0
road_detour,astar,20,0,19,0,0.06580000626854599,0.0,1,0.8364669811396928,1.4467812387903551,0
road_detour,astar,20,1,0,0,0.066100008552894,0.0,1,0.6736036990569588,0.4607586347518615,0
road_detour,astar,20,1,1,0,0.06659998325631022,0.0,1,1.0664666583226703,0.4725788816666996,0
road_detour,astar,20,1,2,0,0.0653000024612993,0.0,1,0.23472390092492268,1.195750191531201,0
road_detour,astar,20,1,3,0,0.06500000017695129,0.0,1,0.7673652232278114,1.4579320880137416,0
road_detour,astar,20,1,4,0,0.06469999789260328,0.0,1,1.3911745835273828,1.4016065378463038,0
road_detour,astar,20,1,5,0,0.06440002471208572,0.0,1,1.3433101834218073,0.07350811640090527,0
road_detour,astar,20,1,6,0,0.06520000169984996,0.0,1,0.9279998819283609,0.06226415247218098,0
road_detour,astar,20,1,7,0,0.06620000931434333,0.0,1,0.1601102203204796,0.15855570919854234,0
road_detour,astar,20,1,8,0,0.06459999713115394,0.0,1,0.7259623698051256,0.4134726987197572,0
road_detour,astar,20,1,9,0,0.06399999256245792,0.0,1,0.9265710630872549,0.9726384818036835,0
road_detour,astar,20,1,10,0,0.07159999222494662,0.0,1,0.8959780734042466,1.3145787155881479,0
road_detour,astar,20,1,11,0,0.06489999941550195,0.0,1,0.8451236626794111,0.9085035692349664,0
road_detour,astar,20,1,12,0,0.06390002090483904,0.0,1,0.1608227033098404,1.3275047791931662,0
road_detour,astar,20,1,13,0,0.06400002166628838,0.0,1,0.31096727792430956,1.052683823175383,0
road_detour,astar,20,1,14,0,0.06400002166628838,0.0,1,1.2932057740689271,0.6439241546657235,0
road_detour,astar,20,1,15,0,0.0633999879937619,0.0,1,0.5892139642292656,1.3490397902241664,0
road_detour,astar,20,1,16,0,0.07949999417178333,0.0,1,0.9122406392929886,0.05106913952194003,0
road_detour,astar,20,1,17,0,0.06500000017695129,0.0,1,0.6161572563431328,1.1115252787272754,0
road_detour,astar,20,1,18,0,0.06459999713115394,0.0,1,1.2954085813269494,1.306926074247103,0
road_detour,astar,20,1,19,0,0.06439999560825527,0.0,1,0.8364669811396928,1.4467812387903551,0
road_detour,astar,20,2,0,0,0.06459999713115394,0.0,1,0.6736036990569588,0.4607586347518615,0
road_detour,astar,20,2,1,0,0.07540002116002142,0.0,1,1.0664666583226703,0.4725788816666996,0
road_detour,astar,20,2,2,0,0.06409999332390726,0.0,1,0.23472390092492268,1.195750191531201,0
road_detour,astar,20,2,3,0,0.06479999865405262,0.0,1,0.7673652232278114,1.4579320880137416,0
road_detour,astar,20,2,4,0,0.0644999963697046,0.0,1,1.3911745835273828,1.4016065378463038,0
road_detour,astar,20,2,5,0,0.06439999560825527,0.0,1,1.3433101834218073,0.07350811640090527,0
road_detour,astar,20,2,6,0,0.07239999831654131,0.0,1,0.9279998819283609,0.06226415247218098,0
road_detour,astar,20,2,7,0,0.06509997183457017,0.0,1,0.1601102203204796,0.15855570919854234,0
road_detour,astar,20,2,8,0,0.06500000017695129,0.0,1,0.7259623698051256,0.4134726987197572,0
road_detour,astar,20,2,9,0,0.06389999180100858,0.0,1,0.9265710630872549,0.9726384818036835,0
road_detour,astar,20,2,10,0,0.06439999560825527,0.0,1,0.8959780734042466,1.3145787155881479,0
road_detour,astar,20,2,11,0,0.06370001938194036,0.0,1,0.8451236626794111,0.9085035692349664,0
road_detour,astar,20,2,12,0,0.06379999103955925,0.0,1,0.1608227033098404,1.3275047791931662,0
road_detour,astar,20,2,13,0,0.07179999374784529,0.0,1,0.31096727792430956,1.052683823175383,0
road_detour,astar,20,2,14,0,0.06389999180100858,0.0,1,1.2932057740689271,0.6439241546657235,0
road_detour,astar,20,2,15,0,0.06349998875521123,0.0,1,0.5892139642292656,1.3490397902241664,0
road_detour,astar,20,2,16,0,0.06329998723231256,0.0,1,0.9122406392929886,0.05106913952194003,0
road_detour,astar,20,2,17,0,0.06360001862049103,0.0,1,0.6161572563431328,1.1115252787272754,0
road_detour,astar,20,2,18,0,0.0633999879937619,0.0,1,1.2954085813269494,1.306926074247103,0
road_detour,astar,20,2,19,0,0.06330001633614302,0.0,1,0.8364669811396928,1.4467812387903551,0
road_detour,astar,20,3,0,0,0.06370001938194036,0.0,1,0.6736036990569588,0.4607586347518615,0
road_detour,astar,20,3,1,0,0.06409999332390726,0.0,1,1.0664666583226703,0.4725788816666996,0
road_detour,astar,20,3,2,0,0.06399999256245792,0.0,1,0.23472390092492268,1.195750191531201,0
road_detour,astar,20,3,3,0,0.0641999940853566,0.0,1,0.7673652232278114,1.4579320880137416,0
road_detour,astar,20,3,4,0,0.06369999027810991,0.0,1,1.3911745835273828,1.4016065378463038,0
road_detour,astar,20,3,5,0,0.06360001862049103,0.0,1,1.3433101834218073,0.07350811640090527,0
road_detour,astar,20,3,6,0,0.06359998951666057,0.0,1,0.9279998819283609,0.06226415247218098,0
road_detour,astar,20,3,7,0,0.06389999180100858,0.0,1,0.1601102203204796,0.15855570919854234,0
road_detour,astar,20,3,8,0,0.06329998723231256,0.0,1,0.7259623698051256,0.4134726987197572,0
road_detour,astar,20,3,9,0,0.06400002166628838,0.0,1,0.9265710630872549,0.9726384818036835,0
road_detour,astar,20,3,10,0,0.06409999332390726,0.0,1,0.8959780734042466,1.3145787155881479,0
road_detour,astar,20,3,11,0,0.06329998723231256,0.0,1,0.8451236626794111,0.9085035692349664,0
road_detour,astar,20,3,12,0,0.06409999332390726,0.0,1,0.1608227033098404,1.3275047791931662,0
road_detour,astar,20,3,13,0,0.06439999560825527,0.0,1,0.31096727792430956,1.052683823175383,0
road_detour,astar,20,3,14,0,0.0675999908708036,0.0,1,1.2932057740689271,0.6439241546657235,0
road_detour,astar,20,3,15,0,0.0644999963697046,0.0,1,0.5892139642292656,1.3490397902241664,0
road_detour,astar,20,3,16,0,0.06389999180100858,0.0,1,0.9122406392929886,0.05106913952194003,0
road_detour,astar,20,3,17,0,0.06410002242773771,0.0,1,0.6161572563431328,1.1115252787272754,0
road_detour,astar,20,3,18,0,0.06399999256245792,0.0,1,1.2954085813269494,1.306926074247103,0
road_detour,astar,20,3,19,0,0.06369999027810991,0.0,1,0.8364669811396928,1.4467812387903551,0
road_detour,astar,20,4,0,0,0.0633999879937619,0.0,1,0.6736036990569588,0.4607586347518615,0
road_detour,astar,20,4,1,0,0.06369999027810991,0.0,1,1.0664666583226703,0.4725788816666996,0
road_detour,astar,20,4,2,0,0.06360001862049103,0.0,1,0.23472390092492268,1.195750191531201,0
road_detour,astar,20,4,3,0,0.06359998951666057,0.0,1,0.7673652232278114,1.4579320880137416,0
road_detour,astar,20,4,4,0,0.06359998951666057,0.0,1,1.3911745835273828,1.4016065378463038,0
road_detour,astar,20,4,5,0,0.06370001938194036,0.0,1,1.3433101834218073,0.07350811640090527,0
road_detour,astar,20,4,6,0,0.0638000201433897,0.0,1,0.9279998819283609,0.06226415247218098,0
road_detour,astar,20,4,7,0,0.06429999484680593,0.0,1,0.1601102203204796,0.15855570919854234,0
road_detour,astar,20,4,8,0,0.06439999560825527,0.0,1,0.7259623698051256,0.4134726987197572,0
road_detour,astar,20,4,9,0,0.06389999180100858,0.0,1,0.9265710630872549,0.9726384818036835,0
road_detour,astar,20,4,10,0,0.06409999332390726,0.0,1,0.8959780734042466,1.3145787155881479,0
road_detour,astar,20,4,11,0,0.06399999256245792,0.0,1,0.8451236626794111,0.9085035692349664,0
road_detour,astar,20,4,12,0,0.06429999484680593,0.0,1,0.1608227033098404,1.3275047791931662,0
road_detour,astar,20,4,13,0,0.06399999256245792,0.0,1,0.31096727792430956,1.052683823175383,0
road_detour,astar,20,4,14,0,0.06399999256245792,0.0,1,1.2932057740689271,0.6439241546657235,0
road_detour,astar,20,4,15,0,0.06809999467805028,0.0,1,0.5892139642292656,1.3490397902241664,0
road_detour,astar,20,4,16,0,0.06379999103955925,0.0,1,0.9122406392929886,0.05106913952194003,0
road_detour,astar,20,4,17,0,0.0641999940853566,0.0,1,0.6161572563431328,1.1115252787272754,0
road_detour,astar,20,4,18,0,0.06409999332390726,0.0,1,1.2954085813269494,1.306926074247103,0
road_detour,astar,20,4,19,0,0.06849999772384763,0.0,1,0.8364669811396928,1.4467812387903551,0
road_detour,rrt,20,0,0,1,0.49669999862089753,117.74093672493139,61,0.0,0.0,1
road_detour,rrt,20,0,1,1,0.4867000097874552,117.7347784366975,61,0.0,0.0,1
road_detour,rrt,20,0,2,1,0.49050000961869955,117.73161943604018,61,0.0,0.0,1
road_detour,rrt,20,0,3,1,0.4975000047124922,117.74206042937773,61,0.0,0.0,1
road_detour,rrt,20,0,4,1,0.7125000120140612,117.74800898441507,61,0.0,0.0,1
road_detour,rrt,20,0,5,1,0.5719999899156392,117.73109767659246,61,0.0,0.0,1
road_detour,rrt,20,0,6,1,0.49909998779185116,117.73148603731731,61,0.0,0.0,1
road_detour,rrt,20,0,7,1,0.5443000118248165,117.74599101951507,61,0.0,0.0,1
road_detour,rrt,20,0,8,1,0.4962999955751002,117.81806347750461,61,0.0,0.0,1
road_detour,rrt,20,0,9,1,0.48790001892484725,117.73616223475875,61,0.0,0.0,1
road_detour,rrt,20,0,10,1,0.49270002637058496,121.04848199194363,61,0.0,0.0,1
road_detour,rrt,20,0,11,1,0.48469999455846846,117.76009365932819,61,0.0,0.0,1
road_detour,rrt,20,0,12,1,0.4834999854210764,117.7310535498988,61,0.0,0.0,1
road_detour,rrt,20,0,13,1,0.48619997687637806,120.84221389898089,61,0.0,0.0,1
road_detour,rrt,20,0,14,1,0.4826999793294817,117.89930708281253,61,0.0,0.0,1
road_detour,rrt,20,0,15,1,0.48480002442374825,117.9266787812401,61,0.0,0.0,1
road_detour,rrt,20,0,16,1,0.5096999811939895,117.73160838716102,61,0.0,0.0,1
road_detour,rrt,20,0,17,1,0.49679999938234687,117.73609116447575,61,0.0,0.0,1
road_detour,rrt,20,0,18,1,0.4864000075031072,121.14778639312105,61,0.0,0.0,1
road_detour,rrt,20,0,19,1,0.49730000318959355,117.73457861894951,61,0.0,0.0,1
road_detour,rrt,20,1,0,1,0.5558999837376177,109.28201101140908,66,0.0,0.0,1
road_detour,rrt,20,1,1,1,0.5480999825522304,109.24195138715145,66,0.0,0.0,1
road_detour,rrt,20,1,2,1,0.5481000116560608,111.93783570252346,65,0.0,0.0,1
road_detour,rrt,20,1,3,1,0.5705000075977296,109.10059973522645,66,0.0,0.0,1
road_detour,rrt,20,1,4,1,0.5599000141955912,109.30875948451163,66,0.0,0.0,1
road_detour,rrt,20,1,5,1,0.5527999892365187,109.1773852542838,66,0.0,0.0,1
road_detour,rrt,20,1,6,1,0.5558999837376177,109.20307142759711,66,0.0,0.0,1
road_detour,rrt,20,1,7,1,0.5593000096268952,109.3060014391875,66,0.0,0.0,1
road_detour,rrt,20,1,8,1,0.5594000103883445,112.17898004844365,67,0.0,0.0,1
road_detour,rrt,20,1,9,1,0.5532999930437654,109.12487257063425,66,0.0,0.0,1
road_detour,rrt,20,1,10,1,0.5602999881375581,110.04214107768318,66,0.0,0.0,1
road_detour,rrt,20,1,11,1,0.6690000009257346,109.32524482916698,66,0.0,0.0,1
road_detour,rrt,20,1,12,1,0.9140000038314611,111.91018586043919,65,0.0,0.0,1
road_detour,rrt,20,1,13,1,0.6070999952498823,109.74849195150745,66,0.0,0.0,1
road_detour,rrt,20,1,14,1,0.5719999899156392,112.28936071593253,67,0.0,0.0,1
road_detour,rrt,20,1,15,1,0.5523999861907214,109.54762834094127,66,0.0,0.0,1
road_detour,rrt,20,1,16,1,0.5593000096268952,109.20562430221933,66,0.0,0.0,1
road_detour,rrt,20,1,17,1,0.5706999800167978,112.0037474736523,67,0.0,0.0,1
road_detour,rrt,20,1,18,1,0.5742000066675246,112.97460922549789,67,0.0,0.0,1
road_detour,rrt,20,1,19,1,0.5375999899115413,111.98705537732741,65,0.0,0.0,1
road_detour,rrt,20,2,0,1,0.7200000109151006,122.3096082213577,77,0.0,0.0,1
road_detour,rrt,20,2,1,1,0.7082000083755702,122.22729224340502,77,0.0,0.0,1
road_detour,rrt,20,2,2,1,0.5131999787408859,118.16944314037639,63,0.0,0.0,1
road_detour,rrt,20,2,3,1,0.5088999751023948,119.63248941178456,62,0.0,0.0,1
road_detour,rrt,20,2,4,1,0.7084000098984689,122.35868000927542,77,0.0,0.0,1
road_detour,rrt,20,2,5,1,0.7205999863799661,122.08540188362726,77,0.0,0.0,1
road_detour,rrt,20,2,6,1,0.7094999891705811,122.14342377663961,77,0.0,0.0,1
road_detour,rrt,20,2,7,1,0.5063999851699919,119.94168597561443,62,0.0,0.0,1
road_detour,rrt,20,2,8,1,0.5215999844949692,118.39529091374213,63,0.0,0.0,1
road_detour,rrt,20,2,9,1,0.507500022649765,119.67423356665925,62,0.0,0.0,1
road_detour,rrt,20,2,10,1,0.7232000061776489,121.61004148948145,78,0.0,0.0,1
road_detour,rrt,20,2,11,1,0.7201000116765499,122.37093520992588,77,0.0,0.0,1
road_detour,rrt,20,2,12,1,0.5189999938011169,118.14447691019328,63,0.0,0.0,1
road_detour,rrt,20,2,13,1,0.7172000186983496,121.36286242287005,78,0.0,0.0,1
road_detour,rrt,20,2,14,1,0.5684999923687428,118.50605761894367,63,0.0,0.0,1
road_detour,rrt,20,2,15,1,0.9299000084865838,122.54555999176132,77,0.0,0.0,1
road_detour,rrt,20,2,16,1,0.8422000100836158,122.14906841061442,77,0.0,0.0,1
road_detour,rrt,20,2,17,1,0.5189999938011169,118.22797420305533,63,0.0,0.0,1
road_detour,rrt,20,2,18,1,0.527600001078099,119.16255458269188,63,0.0,0.0,1
road_detour,rrt,20,2,19,1,0.5160000000614673,118.21327171208104,63,0.0,0.0,1
road_detour,rrt,20,3,0,1,0.38059998769313097,103.63951193868152,49,0.0,0.0,1
road_detour,rrt,20,3,1,1,0.3578999894671142,103.68518260890984,49,0.0,0.0,1
road_detour,rrt,20,3,2,1,0.367900007404387,103.73191435686275,49,0.0,0.0,1
road_detour,rrt,20,3,3,1,0.47140000970102847,103.91293514049222,49,0.0,0.0,1
road_detour,rrt,20,3,4,1,0.37480000173673034,103.61596440071861,49,0.0,0.0,1
road_detour,rrt,20,3,5,1,0.3659999929368496,103.77326978276865,49,0.0,0.0,1
road_detour,rrt,20,3,6,1,0.35909999860450625,103.73575019413994,49,0.0,0.0,1
road_detour,rrt,20,3,7,1,0.3645999822765589,103.61537052041504,49,0.0,0.0,1
road_detour,rrt,20,3,8,1,0.3622999938670546,103.63744635771448,49,0.0,0.0,1
road_detour,rrt,20,3,9,1,0.35570000181905925,103.86330292175123,49,0.0,0.0,1
road_detour,rrt,20,3,10,1,0.3569000109564513,103.8289220506936,49,0.0,0.0,1
road_detour,rrt,20,3,11,1,0.3625999961514026,103.61955094053005,49,0.0,0.0,1
road_detour,rrt,20,3,12,1,0.3558000025805086,103.75925112957547,49,0.0,0.0,1
road_detour,rrt,20,3,13,1,0.3558000025805086,103.73148250425602,49,0.0,0.0,1
road_detour,rrt,20,3,14,1,0.35500002559274435,103.66431786355562,49,0.0,0.0,1
road_detour,rrt,20,3,15,1,0.35780001780949533,103.67380815149407,49,0.0,0.0,1
road_detour,rrt,20,3,16,1,0.357400014763698,103.73221333363357,49,0.0,0.0,1
road_detour,rrt,20,3,17,1,0.3572000132407993,103.67309678132509,49,0.0,0.0,1
road_detour,rrt,20,3,18,1,0.3575999871827662,103.88048741041183,49,0.0,0.0,1
road_detour,rrt,20,3,19,1,0.3572999848984182,103.68721647483403,49,0.0,0.0,1
road_detour,rrt,20,4,0,1,0.4169000021647662,110.94887412072757,53,0.0,0.0,1
road_detour,rrt,20,4,1,1,0.4096000047866255,110.97333260154691,53,0.0,0.0,1
road_detour,rrt,20,4,2,1,0.39760000072419643,111.42416226394712,52,0.0,0.0,1
road_detour,rrt,20,4,3,1,0.39569998625665903,111.95033857455957,52,0.0,0.0,1
road_detour,rrt,20,4,4,1,0.5245999782346189,110.93934934767476,53,0.0,0.0,1
road_detour,rrt,20,4,5,1,0.4107999848201871,111.03262481722248,53,0.0,0.0,1
road_detour,rrt,20,4,6,1,0.39690002449788153,111.4359956704733,52,0.0,0.0,1
road_detour,rrt,20,4,7,1,0.4110000154469162,111.0448661439656,52,0.0,0.0,1
road_detour,rrt,20,4,8,1,0.4062999796587974,111.00728128604563,52,0.0,0.0,1
road_detour,rrt,20,4,9,1,0.48749998677521944,111.8119069144805,52,0.0,0.0,1
road_detour,rrt,20,4,10,1,0.5181999877095222,110.82174048022674,52,0.0,0.0,1
road_detour,rrt,20,4,11,1,0.43509999522939324,110.94629748200896,53,0.0,0.0,1
road_detour,rrt,20,4,12,1,0.40270001045428216,111.50775147719625,52,0.0,0.0,1
road_detour,rrt,20,4,13,1,0.3978000022470951,110.89491216929873,52,0.0,0.0,1
road_detour,rrt,20,4,14,1,0.3942999755963683,110.96877001534459,52,0.0,0.0,1
road_detour,rrt,20,4,15,1,0.4169000021647662,111.0419942362233,53,0.0,0.0,1
road_detour,rrt,20,4,16,1,0.39400000241585076,111.42508585456896,52,0.0,0.0,1
road_detour,rrt,20,4,17,1,0.39229998947121203,111.23802189492807,52,0.0,0.0,1
road_detour,rrt,20,4,18,1,0.41140001849271357,110.79338352035352,52,0.0,0.0,1
road_detour,rrt,20,4,19,1,0.3971999976783991,111.28355536411395,52,0.0,0.0,1
road_detour,rrt_star,20,0,0,1,532.3460999934468,96.7007935611823,1500,0.0,0.0,1
road_detour,rrt_star,20,0,1,1,536.1852000060026,96.72308010396435,1500,0.0,0.0,1
road_detour,rrt_star,20,0,2,1,531.0880999895744,97.10125324530529,1501,0.0,0.0,1
road_detour,rrt_star,20,0,3,1,520.246700005373,96.96141951021242,1501,0.0,0.0,1
road_detour,rrt_star,20,0,4,1,537.3591000097804,96.69084041868223,1500,0.0,0.0,1
road_detour,rrt_star,20,0,5,1,538.0542000057176,96.80844687565141,1501,0.0,0.0,1
road_detour,rrt_star,20,0,6,1,532.2032999829389,96.81072890491441,1501,0.0,0.0,1
road_detour,rrt_star,20,0,7,1,524.5684999972582,96.69073821565175,1500,0.0,0.0,1
road_detour,rrt_star,20,0,8,1,526.4166999841109,96.77649837127767,1500,0.0,0.0,1
road_detour,rrt_star,20,0,9,1,530.4917000175919,96.98590569823963,1501,0.0,0.0,1
road_detour,rrt_star,20,0,10,1,516.7495999776293,96.81262922351397,1500,0.0,0.0,1
road_detour,rrt_star,20,0,11,1,526.4497000025585,96.69151563981643,1500,0.0,0.0,1
road_detour,rrt_star,20,0,12,1,551.2451000104193,97.09740172823125,1501,0.0,0.0,1
road_detour,rrt_star,20,0,13,1,518.1211000017356,96.75140442649122,1500,0.0,0.0,1
road_detour,rrt_star,20,0,14,1,527.6744999864604,96.78938751442168,1500,0.0,0.0,1
road_detour,rrt_star,20,0,15,1,535.021699994104,96.7215956518464,1500,0.0,0.0,1
road_detour,rrt_star,20,0,16,1,528.0276000266895,96.81114305219398,1501,0.0,0.0,1
road_detour,rrt_star,20,0,17,1,586.1842000158504,96.79301070964405,1500,0.0,0.0,1
road_detour,rrt_star,20,0,18,1,521.4565999922343,96.84294070237792,1500,0.0,0.0,1
road_detour,rrt_star,20,0,19,1,549.9244999955408,96.81952774531334,1500,0.0,0.0,1
road_detour,rrt_star,20,1,0,1,545.4186999995727,96.51412667473386,1499,0.0,0.0,1
road_detour,rrt_star,20,1,1,1,531.8427000020165,96.72208020842874,1499,0.0,0.0,1
road_detour,rrt_star,20,1,2,1,523.5952000075486,96.29438402290171,1500,0.0,0.0,1
road_detour,rrt_star,20,1,3,1,528.3133999910206,96.4080986569495,1499,0.0,0.0,1
road_detour,rrt_star,20,1,4,1,522.1054000139702,96.73678792038777,1497,0.0,0.0,1
road_detour,rrt_star,20,1,5,1,528.3669999917038,96.72414588222942,1499,0.0,0.0,1
road_detour,rrt_star,20,1,6,1,540.4173000133596,96.4888530292325,1499,0.0,0.0,1
road_detour,rrt_star,20,1,7,1,551.4325000112876,96.50912154883295,1499,0.0,0.0,1
road_detour,rrt_star,20,1,8,1,537.0436000230256,96.3594158309889,1500,0.0,0.0,1
road_detour,rrt_star,20,1,9,1,544.0990999923088,96.49406340379964,1499,0.0,0.0,1
road_detour,rrt_star,20,1,10,1,539.9215000215918,96.51108873316196,1499,0.0,0.0,1
road_detour,rrt_star,20,1,11,1,538.6898000142537,96.7409342231308,1499,0.0,0.0,1
road_detour,rrt_star,20,1,12,1,530.3164000215475,96.28856981609255,1500,0.0,0.0,1
road_detour,rrt_star,20,1,13,1,541.887700004736,96.48563733240483,1499,0.0,0.0,1
road_detour,rrt_star,20,1,14,1,530.814099998679,96.38339247699864,1501,0.0,0.0,1
road_detour,rrt_star,20,1,15,1,518.947999982629,96.77547836353742,1499,0.0,0.0,1
road_detour,rrt_star,20,1,16,1,532.7191000105813,96.48870635344099,1499,0.0,0.0,1
road_detour,rrt_star,20,1,17,1,522.3230000119656,96.29830577797904,1501,0.0,0.0,1
road_detour,rrt_star,20,1,18,1,538.7094999896362,96.70663424819806,1500,0.0,0.0,1
road_detour,rrt_star,20,1,19,1,522.6890000049025,96.27249232855416,1501,0.0,0.0,1
road_detour,rrt_star,20,2,0,1,533.6214000126347,96.69558535203569,1498,0.0,0.0,1
road_detour,rrt_star,20,2,1,1,527.5441999838222,96.7163730490086,1498,0.0,0.0,1
road_detour,rrt_star,20,2,2,1,534.4737000123132,96.74868370986758,1498,0.0,0.0,1
road_detour,rrt_star,20,2,3,1,519.9008999916259,96.4736798895003,1498,0.0,0.0,1
road_detour,rrt_star,20,2,4,1,524.9669999757316,96.68788206643144,1498,0.0,0.0,1
road_detour,rrt_star,20,2,5,1,516.688100004103,96.78514134995697,1498,0.0,0.0,1
road_detour,rrt_star,20,2,6,1,552.786099986406,96.75177311481153,1498,0.0,0.0,1
road_detour,rrt_star,20,2,7,1,517.2945999947842,96.67662186852355,1498,0.0,0.0,1
road_detour,rrt_star,20,2,8,1,526.8856000038795,96.68705711413754,1499,0.0,0.0,1
road_detour,rrt_star,20,2,9,1,600.3896000038367,96.79071564659537,1498,0.0,0.0,1
road_detour,rrt_star,20,2,10,1,539.5248999993782,96.67264694201366,1499,0.0,0.0,1
road_detour,rrt_star,20,2,11,1,524.6253999939654,96.6870500571573,1498,0.0,0.0,1
road_detour,rrt_star,20,2,12,1,525.8099999919068,96.77202557838513,1498,0.0,0.0,1
road_detour,rrt_star,20,2,13,1,556.9299999915529,96.66729282275315,1499,0.0,0.0,1
road_detour,rrt_star,20,2,14,1,541.6027999890503,96.69658874984917,1498,0.0,0.0,1
road_detour,rrt_star,20,2,15,1,646.6152000066359,96.71308050127142,1498,0.0,0.0,1
road_detour,rrt_star,20,2,16,1,680.7444000151008,96.74892225791957,1498,0.0,0.0,1
road_detour,rrt_star,20,2,17,1,610.0414000102319,96.70975137179677,1498,0.0,0.0,1
road_detour,rrt_star,20,2,18,1,635.0128000194672,96.71084064285053,1499,0.0,0.0,1
road_detour,rrt_star,20,2,19,1,734.6035999944434,96.71756155613792,1499,0.0,0.0,1
road_detour,rrt_star,20,3,0,1,593.5587999993004,96.4817799014906,1499,0.0,0.0,1
road_detour,rrt_star,20,3,1,1,737.7962000027765,96.47681256880226,1500,0.0,0.0,1
road_detour,rrt_star,20,3,2,1,608.1131999962963,96.46523885568314,1498,0.0,0.0,1
road_detour,rrt_star,20,3,3,1,626.2510999804363,96.4639462288455,1498,0.0,0.0,1
road_detour,rrt_star,20,3,4,1,668.5496999998577,96.60038152631716,1500,0.0,0.0,1
road_detour,rrt_star,20,3,5,1,671.809999999823,96.46728429603259,1500,0.0,0.0,1
road_detour,rrt_star,20,3,6,1,546.9461999891791,96.46389048735848,1500,0.0,0.0,1
road_detour,rrt_star,20,3,7,1,539.0284000022803,96.48886036280312,1498,0.0,0.0,1
road_detour,rrt_star,20,3,8,1,547.8409999923315,96.51135590869298,1498,0.0,0.0,1
road_detour,rrt_star,20,3,9,1,534.144599980209,96.44573116018712,1499,0.0,0.0,1
road_detour,rrt_star,20,3,10,1,529.7589999972843,96.76241097473681,1499,0.0,0.0,1
road_detour,rrt_star,20,3,11,1,542.7991999895312,96.53544476148745,1500,0.0,0.0,1
road_detour,rrt_star,20,3,12,1,527.4139999819454,96.46704904460772,1498,0.0,0.0,1
road_detour,rrt_star,20,3,13,1,529.4114999996964,96.74179782435588,1500,0.0,0.0,1
road_detour,rrt_star,20,3,14,1,527.3412999813445,96.52794187796302,1498,0.0,0.0,1
road_detour,rrt_star,20,3,15,1,556.95579998428,96.56766207884041,1500,0.0,0.0,1
road_detour,rrt_star,20,3,16,1,531.9172999879811,96.42116689203455,1500,0.0,0.0,1
road_detour,rrt_star,20,3,17,1,531.0752999794204,96.4408918539046,1498,0.0,0.0,1
road_detour,rrt_star,20,3,18,1,547.1180999884382,96.77447030296801,1499,0.0,0.0,1
road_detour,rrt_star,20,3,19,1,530.9048000199255,96.43882247315018,1498,0.0,0.0,1
road_detour,rrt_star,20,4,0,1,546.2115000118501,96.4531992571234,1496,0.0,0.0,1
road_detour,rrt_star,20,4,1,1,532.182799972361,96.47221031731623,1498,0.0,0.0,1
road_detour,rrt_star,20,4,2,1,556.870100001106,97.02351567350962,1496,0.0,0.0,1
road_detour,rrt_star,20,4,3,1,558.9775000116788,97.15834780316149,1497,0.0,0.0,1
road_detour,rrt_star,20,4,4,1,591.3438999850769,96.4442211567156,1498,0.0,0.0,1
road_detour,rrt_star,20,4,5,1,608.4106000198517,96.50277196576573,1497,0.0,0.0,1
road_detour,rrt_star,20,4,6,1,650.2394000126515,97.10904572751794,1496,0.0,0.0,1
road_detour,rrt_star,20,4,7,1,651.0718000063207,96.99781635511319,1497,0.0,0.0,1
road_detour,rrt_star,20,4,8,1,569.3178000219632,96.9553663821756,1496,0.0,0.0,1
road_detour,rrt_star,20,4,9,1,565.5877999961376,97.08702594242061,1496,0.0,0.0,1
road_detour,rrt_star,20,4,10,1,554.6808000071906,96.87910437023746,1496,0.0,0.0,1
road_detour,rrt_star,20,4,11,1,637.575900007505,96.44338012063753,1498,0.0,0.0,1
road_detour,rrt_star,20,4,12,1,525.3648000070825,97.03399215298278,1495,0.0,0.0,1
road_detour,rrt_star,20,4,13,1,526.5704999910668,96.93525541106293,1496,0.0,0.0,1
road_detour,rrt_star,20,4,14,1,521.5927000099327,97.03143037151867,1494,0.0,0.0,1
road_detour,rrt_star,20,4,15,1,521.8736000242643,96.43917710925145,1498,0.0,0.0,1
road_detour,rrt_star,20,4,16,1,526.8297000147868,97.10571286160614,1496,0.0,0.0,1
road_detour,rrt_star,20,4,17,1,527.660099993227,96.91585602268142,1494,0.0,0.0,1
road_detour,rrt_star,20,4,18,1,523.2134999823757,96.84876804529361,1497,0.0,0.0,1
road_detour,rrt_star,20,4,19,1,517.4886000168044,96.93483576629133,1494,0.0,0.0,1
obstacle_field,astar,1,0,0,0,0.08590001380071044,0.0,1,0.20601456526086603,1.265110681684631,0
obstacle_field,astar,1,1,0,0,0.06900000153109431,0.0,1,0.20601456526086603,1.265110681684631,0
obstacle_field,astar,1,2,0,0,0.06740001845173538,0.0,1,0.20601456526086603,1.265110681684631,0
obstacle_field,astar,1,3,0,0,0.06730001769028604,0.0,1,0.20601456526086603,1.265110681684631,0
obstacle_field,astar,1,4,0,0,0.06710001616738737,0.0,1,0.20601456526086603,1.265110681684631,0
obstacle_field,rrt,1,0,0,1,0.9327000007033348,115.40822732887112,66,0.0,0.0,1
obstacle_field,rrt,1,1,0,1,1.1737000022549182,119.41595126540632,79,0.0,0.0,1
obstacle_field,rrt,1,2,0,1,1.0309999925084412,122.30073797167455,71,0.0,0.0,1
obstacle_field,rrt,1,3,0,1,0.9068000072147697,106.5205910395092,61,0.0,0.0,1
obstacle_field,rrt,1,4,0,1,0.6520999886561185,110.67727967309422,52,0.0,0.0,1
obstacle_field,rrt_star,1,0,0,1,679.3731999932788,98.82426371225215,1453,0.0,0.0,1
obstacle_field,rrt_star,1,1,0,1,714.6716999995988,99.41320260167859,1461,0.0,0.0,1
obstacle_field,rrt_star,1,2,0,1,749.6026000007987,96.65779105256343,1463,0.0,0.0,1
obstacle_field,rrt_star,1,3,0,1,700.3185999928974,96.93261267833711,1460,0.0,0.0,1
obstacle_field,rrt_star,1,4,0,1,718.3810999849811,96.4552169380011,1470,0.0,0.0,1
obstacle_field,astar,5,0,0,0,0.08520000847056508,0.0,1,0.20601456526086603,1.265110681684631,0
obstacle_field,astar,5,0,1,0,0.0680000230204314,0.0,1,1.4084578590240149,0.0716542589928153,0
obstacle_field,astar,5,0,2,0,0.06570000550709665,0.0,1,0.23206926690276397,0.20957168820338223,0
obstacle_field,astar,5,0,3,0,0.07129998994059861,0.0,1,1.3278199194183924,0.16186108174457314,0
obstacle_field,astar,5,0,4,0,0.06589997792616487,0.0,1,0.5898508340891301,0.23289868646587664,0
obstacle_field,astar,5,1,0,0,0.06520000169984996,0.0,1,0.20601456526086603,1.265110681684631,0
obstacle_field,astar,5,1,1,0,0.06560000474564731,0.0,1,1.4084578590240149,0.0716542589928153,0
obstacle_field,astar,5,1,2,0,0.06600000779144466,0.0,1,0.23206926690276397,0.20957168820338223,0
obstacle_field,astar,5,1,3,0,0.06489999941550195,0.0,1,1.3278199194183924,0.16186108174457314,0
obstacle_field,astar,5,1,4,0,0.0653000024612993,0.0,1,0.5898508340891301,0.23289868646587664,0
obstacle_field,astar,5,2,0,0,0.06600000779144466,0.0,1,0.20601456526086603,1.265110681684631,0
obstacle_field,astar,5,2,1,0,0.0653000024612993,0.0,1,1.4084578590240149,0.0716542589928153,0
obstacle_field,astar,5,2,2,0,0.06459999713115394,0.0,1,0.23206926690276397,0.20957168820338223,0
obstacle_field,astar,5,2,3,0,0.06510000093840063,0.0,1,1.3278199194183924,0.16186108174457314,0
obstacle_field,astar,5,2,4,0,0.06489999941550195,0.0,1,0.5898508340891301,0.23289868646587664,0
obstacle_field,astar,5,3,0,0,0.06550000398419797,0.0,1,0.20601456526086603,1.265110681684631,0
obstacle_field,astar,5,3,1,0,0.0641999940853566,0.0,1,1.4084578590240149,0.0716542589928153,0
obstacle_field,astar,5,3,2,0,0.06390002090483904,0.0,1,0.23206926690276397,0.20957168820338223,0
obstacle_field,astar,5,3,3,0,0.06540000322274864,0.0,1,1.3278199194183924,0.16186108174457314,0
obstacle_field,astar,5,3,4,0,0.06590000702999532,0.0,1,0.5898508340891301,0.23289868646587664,0
obstacle_field,astar,5,4,0,0,0.0651999725960195,0.0,1,0.20601456526086603,1.265110681684631,0
obstacle_field,astar,5,4,1,0,0.06580000626854599,0.0,1,1.4084578590240149,0.0716542589928153,0
obstacle_field,astar,5,4,2,0,0.06560000474564731,0.0,1,0.23206926690276397,0.20957168820338223,0
obstacle_field,astar,5,4,3,0,0.06520000169984996,0.0,1,1.3278199194183924,0.16186108174457314,0
obstacle_field,astar,5,4,4,0,0.06849999772384763,0.0,1,0.5898508340891301,0.23289868646587664,0
obstacle_field,rrt,5,0,0,1,0.9479000000283122,115.40822732887112,66,0.0,0.0,1
obstacle_field,rrt,5,0,1,1,1.1987000179942697,115.7690090828374,79,0.0,0.0,1
obstacle_field,rrt,5,0,2,1,0.7345000049099326,114.86538861740806,57,0.0,0.0,1
obstacle_field,rrt,5,0,3,1,1.1022999824490398,114.37378116225958,75,0.0,0.0,1
obstacle_field,rrt,5,0,4,1,1.8568999948911369,118.6363633964763,101,0.0,0.0,1
obstacle_field,rrt,5,1,0,1,1.1470000026747584,119.41595126540632,79,0.0,0.0,1
obstacle_field,rrt,5,1,1,1,2.0938999950885773,119.99972210863287,105,0.0,0.0,1
obstacle_field,rrt,5,1,2,1,1.9269999756943434,123.14771866986625,104,0.0,0.0,1
obstacle_field,rrt,5,1,3,1,1.1617999989539385,120.38098141506741,80,0.0,0.0,1
obstacle_field,rrt,5,1,4,1,1.6813999973237514,117.66679764629595,105,0.0,0.0,1
obstacle_field,rrt,5,2,0,1,1.0226000158581883,122.30073797167455,71,0.0,0.0,1
obstacle_field,rrt,5,2,1,1,1.075299980584532,109.97948228972601,76,0.0,0.0,1
obstacle_field,rrt,5,2,2,1,1.0378999868407845,118.76138362469068,72,0.0,0.0,1
obstacle_field,rrt,5,2,3,1,1.0356999991927296,123.06183160388093,71,0.0,0.0,1
obstacle_field,rrt,5,2,4,1,1.0537999914959073,109.94783675450549,75,0.0,0.0,1
obstacle_field,rrt,5,3,0,1,0.8935000223573297,106.5205910395092,61,0.0,0.0,1
obstacle_field,rrt,5,3,1,1,0.9484000038355589,113.4280379127513,63,0.0,0.0,1
obstacle_field,rrt,5,3,2,1,0.9523999760858715,107.78070926156721,59,0.0,0.0,1
obstacle_field,rrt,5,3,3,1,1.049900020007044,106.6573321328354,61,0.0,0.0,1
obstacle_field,rrt,5,3,4,1,0.8481999975629151,107.69228455226383,59,0.0,0.0,1
obstacle_field,rrt,5,4,0,1,0.631399976555258,110.67727967309422,52,0.0,0.0,1
obstacle_field,rrt,5,4,1,1,0.7979999936651438,115.38004282374554,58,0.0,0.0,1
obstacle_field,rrt,5,4,2,1,0.6467000057455152,110.37109003884044,52,0.0,0.0,1
obstacle_field,rrt,5,4,3,1,0.6259999936446548,110.34947712654487,52,0.0,0.0,1
obstacle_field,rrt,5,4,4,1,0.9298000077251345,114.35448190454017,66,0.0,0.0,1
obstacle_field,rrt_star,5,0,0,1,681.8929000000935,98.82426371225215,1453,0.0,0.0,1
obstacle_field,rrt_star,5,0,1,1,722.6080000109505,98.53775105794331,1437,0.0,0.0,1
obstacle_field,rrt_star,5,0,2,1,749.1332000063267,97.80795533409143,1454,0.0,0.0,1
obstacle_field,rrt_star,5,0,3,1,696.2457999761682,97.0877375849137,1455,0.0,0.0,1
obstacle_field,rrt_star,5,0,4,1,738.7853999971412,98.32757865318224,1414,0.0,0.0,1
obstacle_field,rrt_star,5,1,0,1,704.9796000064816,99.41320260167859,1461,0.0,0.0,1
obstacle_field,rrt_star,5,1,1,1,685.5981000117026,96.38416003311491,1453,0.0,0.0,1
obstacle_field,rrt_star,5,1,2,1,694.1592000075616,96.6230850182267,1456,0.0,0.0,1
obstacle_field,rrt_star,5,1,3,1,707.3280999902636,99.40523761060274,1460,0.0,0.0,1
obstacle_field,rrt_star,5,1,4,1,740.3495000035036,96.87448167625696,1451,0.0,0.0,1
obstacle_field,rrt_star,5,2,0,1,754.8136000114027,96.65779105256343,1463,0.0,0.0,1
obstacle_field,rrt_star,5,2,1,1,703.7303999823052,96.68807970505127,1464,0.0,0.0,1
obstacle_field,rrt_star,5,2,2,1,708.5780000197701,96.38091972023699,1466,0.0,0.0,1
obstacle_field,rrt_star,5,2,3,1,731.3682999811135,96.69916371276213,1464,0.0,0.0,1
obstacle_field,rrt_star,5,2,4,1,702.6427999953739,96.39747353455611,1464,0.0,0.0,1
obstacle_field,rrt_star,5,3,0,1,746.161499992013,96.93261267833711,1460,0.0,0.0,1
obstacle_field,rrt_star,5,3,1,1,785.7781999919098,96.3045449333327,1463,0.0,0.0,1
obstacle_field,rrt_star,5,3,2,1,740.8244000107516,96.83500458441145,1457,0.0,0.0,1
obstacle_field,rrt_star,5,3,3,1,751.2794999929611,96.56836717970505,1460,0.0,0.0,1
obstacle_field,rrt_star,5,3,4,1,743.3616000053007,96.83583238703007,1456,0.0,0.0,1
obstacle_field,rrt_star,5,4,0,1,770.0301000149921,96.4552169380011,1470,0.0,0.0,1
obstacle_field,rrt_star,5,4,1,1,714.2827000061516,96.4992500597402,1446,0.0,0.0,1
obstacle_field,rrt_star,5,4,2,1,729.9458000052255,96.35918118288575,1470,0.0,0.0,1
obstacle_field,rrt_star,5,4,3,1,718.4362999978475,96.32380565690333,1470,0.0,0.0,1
obstacle_field,rrt_star,5,4,4,1,699.491700012004,96.2312999959575,1451,0.0,0.0,1
obstacle_field,astar,20,0,0,0,0.08509997860528529,0.0,1,0.20601456526086603,1.265110681684631,0
obstacle_field,astar,20,0,1,0,0.06829999620094895,0.0,1,1.4084578590240149,0.0716542589928153,0
obstacle_field,astar,20,0,2,0,0.06640001083724201,0.0,1,0.23206926690276397,0.20957168820338223,0
obstacle_field,astar,20,0,3,0,0.07119998917914927,0.0,1,1.3278199194183924,0.16186108174457314,0
obstacle_field,astar,20,0,4,0,0.06590000702999532,0.0,1,0.5898508340891301,0.23289868646587664,0
obstacle_field,astar,20,0,5,0,0.06570000550709665,0.0,1,0.5057355955469439,0.3475158589916789,0
obstacle_field,astar,20,0,6,0,0.07199999527074397,0.0,1,0.9694281952280165,1.4190640167146409,0
obstacle_field,astar,20,0,7,0,0.06619998021051288,0.0,1,0.0034731513480026344,0.5042792425763275,0
obstacle_field,astar,20,0,8,0,0.06580000626854599,0.0,1,0.3370396573566996,1.0998098027608771,0
obstacle_field,astar,20,0,9,0,0.06560000474564731,0.0,1,0.3958952675749816,0.18884113587685514,0
obstacle_field,astar,20,0,10,0,0.06489999941550195,0.0,1,0.1911153069373912,1.294373000370338,0
obstacle_field,astar,20,0,11,0,0.06550000398419797,0.0,1,1.3108912282975034,1.100362912087145,0
obstacle_field,astar,20,0,12,0,0.0653000024612993,0.0,1,0.5729243926252522,0.3163957837992788,0
obstacle_field,astar,20,0,13,0,0.06540000322274864,0.0,1,1.0411240079028063,0.49213692747687543,0
obstacle_field,astar,20,0,14,0,0.06479999865405262,0.0,1,1.0254677289493221,0.9485350727416534,0
obstacle_field,astar,20,0,15,0,0.06590000702999532,0.0,1,1.4934134503919618,0.664261960757806,0
obstacle_field,astar,20,0,16,0,0.06550000398419797,0.0,1,0.0789131818562363,0.9516161955793474,0
obstacle_field,astar,20,0,17,0,0.06680001388303936,0.0,1,1.0388209596200904,0.8981361963183133,0
obstacle_field,astar,20,0,18,0,0.066100008552894,0.0,1,1.0181104985342322,0.5039573576553371,0
obstacle_field,astar,20,0,19,0,0.06629998097196221,0.0,1,1.1501974922272709,0.09172895024451755,0
obstacle_field,astar,20,1,0,0,0.0653000024612993,0.0,1,0.20601456526086603,1.265110681684631,0
obstacle_field,astar,20,1,1,0,0.06549997488036752,0.0,1,1.4084578590240149,0.0716542589928153,0
obstacle_field,astar,20,1,2,0,0.0659999786876142,0.0,1,0.23206926690276397,0.20957168820338223,0
obstacle_field,astar,20,1,3,0,0.06609997944906354,0.0,1,1.3278199194183924,0.16186108174457314,0
obstacle_field,astar,20,1,4,0,0.06639998173341155,0.0,1,0.5898508340891301,0.23289868646587664,0
obstacle_field,astar,20,1,5,0,0.06590000702999532,0.0,1,0.5057355955469439,0.3475158589916789,0
obstacle_field,astar,20,1,6,0,0.06570000550709665,0.0,1,0.9694281952280165,1.4190640167146409,0
obstacle_field,astar,20,1,7,0,0.06650001159869134,0.0,1,0.0034731513480026344,0.5042792425763275,0
obstacle_field,astar,20,1,8,0,0.06590000702999532,0.0,1,0.3370396573566996,1.0998098027608771,0
obstacle_field,astar,20,1,9,0,0.066100008552894,0.0,1,0.3958952675749816,0.18884113587685514,0
obstacle_field,astar,20,1,10,0,0.06690001464448869,0.0,1,0.1911153069373912,1.294373000370338,0
obstacle_field,astar,20,1,11,0,0.06500000017695129,0.0,1,1.3108912282975034,1.100362912087145,0
obstacle_field,astar,20,1,12,0,0.06520000169984996,0.0,1,0.5729243926252522,0.3163957837992788,0
obstacle_field,astar,20,1,13,0,0.06510000093840063,0.0,1,1.0411240079028063,0.49213692747687543,0
obstacle_field,astar,20,1,14,0,0.0653000024612993,0.0,1,1.0254677289493221,0.9485350727416534,0
obstacle_field,astar,20,1,15,0,0.06540000322274864,0.0,1,1.4934134503919618,0.664261960757806,0
obstacle_field,astar,20,1,16,0,0.06489999941550195,0.0,1,0.0789131818562363,0.9516161955793474,0
obstacle_field,astar,20,1,17,0,0.07000000914558768,0.0,1,1.0388209596200904,0.8981361963183133,0
obstacle_field,astar,20,1,18,0,0.06689998554065824,0.0,1,1.0181104985342322,0.5039573576553371,0
obstacle_field,astar,20,1,19,0,0.06570000550709665,0.0,1,1.1501974922272709,0.09172895024451755,0
obstacle_field,astar,20,2,0,0,0.06540000322274864,0.0,1,0.20601456526086603,1.265110681684631,0
obstacle_field,astar,20,2,1,0,0.06489999941550195,0.0,1,1.4084578590240149,0.0716542589928153,0
obstacle_field,astar,20,2,2,0,0.06560000474564731,0.0,1,0.23206926690276397,0.20957168820338223,0
obstacle_field,astar,20,2,3,0,0.06479999865405262,0.0,1,1.3278199194183924,0.16186108174457314,0
obstacle_field,astar,20,2,4,0,0.10269999620504677,0.0,1,0.5898508340891301,0.23289868646587664,0
obstacle_field,astar,20,2,5,0,0.08060000254772604,0.0,1,0.5057355955469439,0.3475158589916789,0
obstacle_field,astar,20,2,6,0,0.0675999908708036,0.0,1,0.9694281952280165,1.4190640167146409,0
obstacle_field,astar,20,2,7,0,0.06620000931434333,0.0,1,0.0034731513480026344,0.5042792425763275,0
obstacle_field,astar,20,2,8,0,0.06520000169984996,0.0,1,0.3370396573566996,1.0998098027608771,0
obstacle_field,astar,20,2,9,0,0.06510000093840063,0.0,1,0.3958952675749816,0.18884113587685514,0
obstacle_field,astar,20,2,10,0,0.06540000322274864,0.0,1,0.1911153069373912,1.294373000370338,0
obstacle_field,astar,20,2,11,0,0.06570000550709665,0.0,1,1.3108912282975034,1.100362912087145,0
obstacle_field,astar,20,2,12,0,0.06560000474564731,0.0,1,0.5729243926252522,0.3163957837992788,0
obstacle_field,astar,20,2,13,0,0.06580000626854599,0.0,1,1.0411240079028063,0.49213692747687543,0
obstacle_field,astar,20,2,14,0,0.06550000398419797,0.0,1,1.0254677289493221,0.9485350727416534,0
obstacle_field,astar,20,2,15,0,0.06540000322274864,0.0,1,1.4934134503919618,0.664261960757806,0
obstacle_field,astar,20,2,16,0,0.06500000017695129,0.0,1,0.0789131818562363,0.9516161955793474,0
obstacle_field,astar,20,2,17,0,0.06420002318918705,0.0,1,1.0388209596200904,0.8981361963183133,0
obstacle_field,astar,20,2,18,0,0.06510000093840063,0.0,1,1.0181104985342322,0.5039573576553371,0
obstacle_field,astar,20,2,19,0,0.06510000093840063,0.0,1,1.1501974922272709,0.09172895024451755,0
obstacle_field,astar,20,3,0,0,0.06550000398419797,0.0,1,0.20601456526086603,1.265110681684631,0
obstacle_field,astar,20,3,1,0,0.06640001083724201,0.0,1,1.4084578590240149,0.0716542589928153,0
obstacle_field,astar,20,3,2,0,0.06590000702999532,0.0,1,0.23206926690276397,0.20957168820338223,0
obstacle_field,astar,20,3,3,0,0.06439999560825527,0.0,1,1.3278199194183924,0.16186108174457314,0
obstacle_field,astar,20,3,4,0,0.06450002547353506,0.0,1,0.5898508340891301,0.23289868646587664,0
obstacle_field,astar,20,3,5,0,0.06510000093840063,0.0,1,0.5057355955469439,0.3475158589916789,0
obstacle_field,astar,20,3,6,0,0.06479999865405262,0.0,1,0.9694281952280165,1.4190640167146409,0
obstacle_field,astar,20,3,7,0,0.06489999941550195,0.0,1,0.0034731513480026344,0.5042792425763275,0
obstacle_field,astar,20,3,8,0,0.06489999941550195,0.0,1,0.3370396573566996,1.0998098027608771,0
obstacle_field,astar,20,3,9,0,0.06439999560825527,0.0,1,0.3958952675749816,0.18884113587685514,0
obstacle_field,astar,20,3,10,0,0.06440002471208572,0.0,1,0.1911153069373912,1.294373000370338,0
obstacle_field,astar,20,3,11,0,0.07349997758865356,0.0,1,1.3108912282975034,1.100362912087145,0
obstacle_field,astar,20,3,12,0,0.0644999963697046,0.0,1,0.5729243926252522,0.3163957837992788,0
obstacle_field,astar,20,3,13,0,0.08639998850412667,0.0,1,1.0411240079028063,0.49213692747687543,0
obstacle_field,astar,20,3,14,0,0.06650001159869134,0.0,1,1.0254677289493221,0.9485350727416534,0
obstacle_field,astar,20,3,15,0,0.06429999484680593,0.0,1,1.4934134503919618,0.664261960757806,0
obstacle_field,astar,20,3,16,0,0.06429999484680593,0.0,1,0.0789131818562363,0.9516161955793474,0
obstacle_field,astar,20,3,17,0,0.06489999941550195,0.0,1,1.0388209596200904,0.8981361963183133,0
obstacle_field,astar,20,3,18,0,0.06459999713115394,0.0,1,1.0181104985342322,0.5039573576553371,0
obstacle_field,astar,20,3,19,0,0.06469999789260328,0.0,1,1.1501974922272709,0.09172895024451755,0
obstacle_field,astar,20,4,0,0,0.06489999941550195,0.0,1,0.20601456526086603,1.265110681684631,0
obstacle_field,astar,20,4,1,0,0.06479999865405262,0.0,1,1.4084578590240149,0.0716542589928153,0
obstacle_field,astar,20,4,2,0,0.06690001464448869,0.0,1,0.23206926690276397,0.20957168820338223,0
obstacle_field,astar,20,4,3,0,0.06560000474564731,0.0,1,1.3278199194183924,0.16186108174457314,0
obstacle_field,astar,20,4,4,0,0.0653000024612993,0.0,1,0.5898508340891301,0.23289868646587664,0
obstacle_field,astar,20,4,5,0,0.06560000474564731,0.0,1,0.5057355955469439,0.3475158589916789,0
obstacle_field,astar,20,4,6,0,0.06540000322274864,0.0,1,0.9694281952280165,1.4190640167146409,0
obstacle_field,astar,20,4,7,0,0.06439999560825527,0.0,1,0.0034731513480026344,0.5042792425763275,0
obstacle_field,astar,20,4,8,0,0.06500000017695129,0.0,1,0.3370396573566996,1.0998098027608771,0
obstacle_field,astar,20,4,9,0,0.06489999941550195,0.0,1,0.3958952675749816,0.18884113587685514,0
obstacle_field,astar,20,4,10,0,0.06510000093840063,0.0,1,0.1911153069373912,1.294373000370338,0
obstacle_field,astar,20,4,11,0,0.06469999789260328,0.0,1,1.3108912282975034,1.100362912087145,0
obstacle_field,astar,20,4,12,0,0.06520000169984996,0.0,1,0.5729243926252522,0.3163957837992788,0
obstacle_field,astar,20,4,13,0,0.06560000474564731,0.0,1,1.0411240079028063,0.49213692747687543,0
obstacle_field,astar,20,4,14,0,0.06550000398419797,0.0,1,1.0254677289493221,0.9485350727416534,0
obstacle_field,astar,20,4,15,0,0.06459999713115394,0.0,1,1.4934134503919618,0.664261960757806,0
obstacle_field,astar,20,4,16,0,0.06480002775788307,0.0,1,0.0789131818562363,0.9516161955793474,0
obstacle_field,astar,20,4,17,0,0.06489999941550195,0.0,1,1.0388209596200904,0.8981361963183133,0
obstacle_field,astar,20,4,18,0,0.06479999865405262,0.0,1,1.0181104985342322,0.5039573576553371,0
obstacle_field,astar,20,4,19,0,0.06510000093840063,0.0,1,1.1501974922272709,0.09172895024451755,0
obstacle_field,rrt,20,0,0,1,0.9496000129729509,115.40822732887112,66,0.0,0.0,1
obstacle_field,rrt,20,0,1,1,1.2071000237483531,115.7690090828374,79,0.0,0.0,1
obstacle_field,rrt,20,0,2,1,0.7504000095650554,114.86538861740806,57,0.0,0.0,1
obstacle_field,rrt,20,0,3,1,1.0887999960687011,114.37378116225958,75,0.0,0.0,1
obstacle_field,rrt,20,0,4,1,1.8850000051315874,118.6363633964763,101,0.0,0.0,1
obstacle_field,rrt,20,0,5,1,1.9817000138573349,118.62994936324012,101,0.0,0.0,1
obstacle_field,rrt,20,0,6,1,1.2734000047203153,119.24346842774958,81,0.0,0.0,1
obstacle_field,rrt,20,0,7,1,1.0433999996166676,118.80338071151995,74,0.0,0.0,1
obstacle_field,rrt,20,0,8,1,0.7120999798644334,114.71646446991886,57,0.0,0.0,1
obstacle_field,rrt,20,0,9,1,0.13599998783320189,96.00178079942852,1,0.0,0.0,1
obstacle_field,rrt,20,0,10,1,1.9082000071648508,119.5112841518804,101,0.0,0.0,1
obstacle_field,rrt,20,0,11,1,2.7200999902561307,154.92583895176352,136,0.0,0.0,1
obstacle_field,rrt,20,0,12,1,1.1980000126641244,115.48812736654159,79,0.0,0.0,1
obstacle_field,rrt,20,0,13,1,0.10879998444579542,96.01224343330365,1,0.0,0.0,1
obstacle_field,rrt,20,0,14,1,0.7169999880716205,114.67088346800918,57,0.0,0.0,1
obstacle_field,rrt,20,0,15,1,0.10939998901449144,96.02424466341759,1,0.0,0.0,1
obstacle_field,rrt,20,0,16,1,1.0289000056218356,118.66661161815023,74,0.0,0.0,1
obstacle_field,rrt,20,0,17,1,0.7103999960236251,114.67380974027935,57,0.0,0.0,1
obstacle_field,rrt,20,0,18,1,1.3279000122565776,115.77914930204669,79,0.0,0.0,1
obstacle_field,rrt,20,0,19,1,0.7702999864704907,114.75242610378622,57,0.0,0.0,1
obstacle_field,rrt,20,1,0,1,1.1512000055518001,119.41595126540632,79,0.0,0.0,1
obstacle_field,rrt,20,1,1,1,1.7142999859061092,119.99972210863287,105,0.0,0.0,1
obstacle_field,rrt,20,1,2,1,1.7250000091735274,123.14771866986625,104,0.0,0.0,1
obstacle_field,rrt,20,1,3,1,1.1825999827124178,120.38098141506741,80,0.0,0.0,1
obstacle_field,rrt,20,1,4,1,1.6982000088319182,117.66679764629595,105,0.0,0.0,1
obstacle_field,rrt,20,1,5,1,1.6901000053621829,117.65682877287591,105,0.0,0.0,1
obstacle_field,rrt,20,1,6,1,1.2094999838154763,116.91976485978306,82,0.0,0.0,1
obstacle_field,rrt,20,1,7,1,2.8254000062588602,120.74611257055464,137,0.0,0.0,1
obstacle_field,rrt,20,1,8,1,2.812799997627735,121.34089674639988,137,0.0,0.0,1
obstacle_field,rrt,20,1,9,1,0.1343000039923936,96.00178079942852,1,0.0,0.0,1
obstacle_field,rrt,20,1,10,1,1.674500002991408,121.07925357602817,105,0.0,0.0,1
obstacle_field,rrt,20,1,11,1,0.9450999787077308,122.9641364021488,72,0.0,0.0,1
obstacle_field,rrt,20,1,12,1,1.6888999962247908,120.32915834722839,105,0.0,0.0,1
obstacle_field,rrt,20,1,13,1,0.10859998292289674,96.01224343330365,1,0.0,0.0,1
obstacle_field,rrt,20,1,14,1,1.6787999775260687,124.31197947626123,106,0.0,0.0,1
obstacle_field,rrt,20,1,15,1,0.10840001050382853,96.02424466341759,1,0.0,0.0,1
obstacle_field,rrt,20,1,16,1,2.556199993705377,121.08008922081306,137,0.0,0.0,1
obstacle_field,rrt,20,1,17,1,1.6792000096756965,124.28827479421842,106,0.0,0.0,1
obstacle_field,rrt,20,1,18,1,1.8001999997068197,119.9885100061966,106,0.0,0.0,1
obstacle_field,rrt,20,1,19,1,1.1623000027611852,120.3249674663021,80,0.0,0.0,1
obstacle_field,rrt,20,2,0,1,1.0070999851450324,122.30073797167455,71,0.0,0.0,1
obstacle_field,rrt,20,2,1,1,1.047199999447912,109.97948228972601,76,0.0,0.0,1
obstacle_field,rrt,20,2,2,1,1.0301000147592276,118.76138362469068,72,0.0,0.0,1
obstacle_field,rrt,20,2,3,1,1.0209999745711684,123.06183160388093,71,0.0,0.0,1
obstacle_field,rrt,20,2,4,1,1.0708000045269728,109.94783675450549,75,0.0,0.0,1
obstacle_field,rrt,20,2,5,1,1.04599999031052,109.94883999624506,75,0.0,0.0,1
obstacle_field,rrt,20,2,6,1,1.1694999993778765,110.77850076113553,78,0.0,0.0,1
obstacle_field,rrt,20,2,7,1,1.0503999947104603,111.8239133343564,75,0.0,0.0,1
obstacle_field,rrt,20,2,8,1,1.050899998517707,110.2415060927374,75,0.0,0.0,1
obstacle_field,rrt,20,2,9,1,0.10939998901449144,96.00178079942852,1,0.0,0.0,1
obstacle_field,rrt,20,2,10,1,0.9131000260822475,111.9492261217485,63,0.0,0.0,1
obstacle_field,rrt,20,2,11,1,0.7979999936651438,111.6833921722093,63,0.0,0.0,1
obstacle_field,rrt,20,2,12,1,1.0747999767772853,112.22800940793203,75,0.0,0.0,1
obstacle_field,rrt,20,2,13,1,0.10890001431107521,96.01224343330365,1,0.0,0.0,1
obstacle_field,rrt,20,2,14,1,0.9925999911502004,119.02379848235638,72,0.0,0.0,1
obstacle_field,rrt,20,2,15,1,0.10790000669658184,96.02424466341759,1,0.0,0.0,1
obstacle_field,rrt,20,2,16,1,0.8010999881662428,111.93224168244664,62,0.0,0.0,1
obstacle_field,rrt,20,2,17,1,1.00449999445118,119.01691054597045,72,0.0,0.0,1
obstacle_field,rrt,20,2,18,1,1.0406000073999166,109.98221537620569,75,0.0,0.0,1
obstacle_field,rrt,20,2,19,1,1.0077000188175589,123.01998757539113,71,0.0,0.0,1
obstacle_field,rrt,20,3,0,1,0.8957999816630036,106.5205910395092,61,0.0,0.0,1
obstacle_field,rrt,20,3,1,1,1.1825999827124178,113.4280379127513,63,0.0,0.0,1
obstacle_field,rrt,20,3,2,1,0.8261999755632132,107.78070926156721,59,0.0,0.0,1
obstacle_field,rrt,20,3,3,1,0.9006999898701906,106.6573321328354,61,0.0,0.0,1
obstacle_field,rrt,20,3,4,1,0.7834999996703118,107.69228455226383,59,0.0,0.0,1
obstacle_field,rrt,20,3,5,1,0.7897000177763402,107.68985282484086,59,0.0,0.0,1
obstacle_field,rrt,20,3,6,1,0.9392999927513301,109.72534736562133,62,0.0,0.0,1
obstacle_field,rrt,20,3,7,1,0.7964000105857849,107.95317585769226,59,0.0,0.0,1
obstacle_field,rrt,20,3,8,1,0.8554999949410558,108.29737626023615,64,0.0,0.0,1
obstacle_field,rrt,20,3,9,1,0.10930001735687256,96.00178079942852,1,0.0,0.0,1
obstacle_field,rrt,20,3,10,1,0.8535999804735184,108.17182520228013,64,0.0,0.0,1
obstacle_field,rrt,20,3,11,1,0.8627999923191965,111.87283640874428,62,0.0,0.0,1
obstacle_field,rrt,20,3,12,1,0.7885000086389482,107.74468228020412,59,0.0,0.0,1
obstacle_field,rrt,20,3,13,1,0.10959999053739011,96.01224343330365,1,0.0,0.0,1
obstacle_field,rrt,20,3,14,1,1.0278999980073422,106.66938301134806,61,0.0,0.0,1
obstacle_field,rrt,20,3,15,1,0.13860000763088465,96.02424466341759,1,0.0,0.0,1
obstacle_field,rrt,20,3,16,1,0.8661000174470246,108.14473569404062,64,0.0,0.0,1
obstacle_field,rrt,20,3,17,1,1.0580000234767795,106.67147703089302,61,0.0,0.0,1
obstacle_field,rrt,20,3,18,1,0.7933000160846859,107.64688902535062,59,0.0,0.0,1
obstacle_field,rrt,20,3,19,1,0.9108000085689127,106.66860755556988,61,0.0,0.0,1
obstacle_field,rrt,20,4,0,1,0.6375999946612865,110.67727967309422,52,0.0,0.0,1
obstacle_field,rrt,20,4,1,1,0.7997000066097826,115.38004282374554,58,0.0,0.0,1
obstacle_field,rrt,20,4,2,1,0.6350000039674342,110.37109003884044,52,0.0,0.0,1
obstacle_field,rrt,20,4,3,1,0.6318000087048858,110.34947712654487,52,0.0,0.0,1
obstacle_field,rrt,20,4,4,1,0.9663999953772873,114.35448190454017,66,0.0,0.0,1
obstacle_field,rrt,20,4,5,1,0.964400009252131,114.3656493291449,66,0.0,0.0,1
obstacle_field,rrt,20,4,6,1,0.9683000098448247,115.54878047316838,66,0.0,0.0,1
obstacle_field,rrt,20,4,7,1,0.9425000171177089,114.01150625487396,66,0.0,0.0,1
obstacle_field,rrt,20,4,8,1,0.9601999772712588,114.80220164157333,67,0.0,0.0,1
obstacle_field,rrt,20,4,9,1,0.11100000119768083,96.00178079942852,1,0.0,0.0,1
obstacle_field,rrt,20,4,10,1,0.9595000010449439,114.90002311540415,67,0.0,0.0,1
obstacle_field,rrt,20,4,11,1,1.0045999952126294,118.04294068047315,70,0.0,0.0,1
obstacle_field,rrt,20,4,12,1,0.9294000046793371,114.15081407592345,66,0.0,0.0,1
obstacle_field,rrt,20,4,13,1,0.10900001507252455,96.01224343330365,1,0.0,0.0,1
obstacle_field,rrt,20,4,14,1,0.5933000065851957,110.35446819695936,52,0.0,0.0,1
obstacle_field,rrt,20,4,15,1,0.11369999265298247,96.02424466341759,1,0.0,0.0,1
obstacle_field,rrt,20,4,16,1,0.9716000058688223,114.9214393299563,67,0.0,0.0,1
obstacle_field,rrt,20,4,17,1,0.6013000092934817,110.35386458320482,52,0.0,0.0,1
obstacle_field,rrt,20,4,18,1,0.9820999985095114,115.20856020122302,67,0.0,0.0,1
obstacle_field,rrt,20,4,19,1,0.6464000034611672,110.35009339986077,52,0.0,0.0,1
obstacle_field,rrt_star,20,0,0,1,690.7299000013154,98.82426371225215,1453,0.0,0.0,1
obstacle_field,rrt_star,20,0,1,1,671.3303000142332,98.53775105794331,1437,0.0,0.0,1
obstacle_field,rrt_star,20,0,2,1,691.2860000156797,97.80795533409143,1454,0.0,0.0,1
obstacle_field,rrt_star,20,0,3,1,701.1979000235442,97.0877375849137,1455,0.0,0.0,1
obstacle_field,rrt_star,20,0,4,1,829.4909999822266,98.32757865318224,1414,0.0,0.0,1
obstacle_field,rrt_star,20,0,5,1,671.0378999996465,98.760935065558,1417,0.0,0.0,1
obstacle_field,rrt_star,20,0,6,1,713.5430000198539,98.63152548165033,1437,0.0,0.0,1
obstacle_field,rrt_star,20,0,7,1,761.885700019775,96.51079169781764,1447,0.0,0.0,1
obstacle_field,rrt_star,20,0,8,1,751.6395999991801,96.82553800528835,1453,0.0,0.0,1
obstacle_field,rrt_star,20,0,9,1,722.1210000279825,96.62545898634205,1455,0.0,0.0,1
obstacle_field,rrt_star,20,0,10,1,696.3777999917511,98.07186724522599,1414,0.0,0.0,1
obstacle_field,rrt_star,20,0,11,1,674.5513000059873,98.73285585428462,1423,0.0,0.0,1
obstacle_field,rrt_star,20,0,12,1,696.6320000065025,98.40374214296656,1438,0.0,0.0,1
obstacle_field,rrt_star,20,0,13,1,761.2138999975286,96.8259737347999,1455,0.0,0.0,1
obstacle_field,rrt_star,20,0,14,1,843.3211999945343,96.83347462942679,1455,0.0,0.0,1
obstacle_field,rrt_star,20,0,15,1,748.7634999852162,96.83927066025213,1454,0.0,0.0,1
obstacle_field,rrt_star,20,0,16,1,688.6623000027612,96.56416143197076,1448,0.0,0.0,1
obstacle_field,rrt_star,20,0,17,1,698.7291000259575,96.83249600920743,1456,0.0,0.0,1
obstacle_field,rrt_star,20,0,18,1,726.9198999856599,98.54379390307348,1438,0.0,0.0,1
obstacle_field,rrt_star,20,0,19,1,692.3494999937247,96.82800336057728,1455,0.0,0.0,1
obstacle_field,rrt_star,20,1,0,1,725.9186000155751,99.41320260167859,1461,0.0,0.0,1
obstacle_field,rrt_star,20,1,1,1,760.3099999832921,96.38416003311491,1453,0.0,0.0,1
obstacle_field,rrt_star,20,1,2,1,758.4917000203859,96.6230850182267,1456,0.0,0.0,1
obstacle_field,rrt_star,20,1,3,1,868.842299998505,99.40523761060274,1460,0.0,0.0,1
obstacle_field,rrt_star,20,1,4,1,754.2135999829043,96.87448167625696,1451,0.0,0.0,1
obstacle_field,rrt_star,20,1,5,1,737.1749000158161,100.59736713085394,1452,0.0,0.0,1
obstacle_field,rrt_star,20,1,6,1,793.9137000066694,96.87869444146182,1457,0.0,0.0,1
obstacle_field,rrt_star,20,1,7,1,741.2115999904927,96.94606637742967,1443,0.0,0.0,1
obstacle_field,rrt_star,20,1,8,1,682.428300002357,97.27700371607477,1444,0.0,0.0,1
obstacle_field,rrt_star,20,1,9,1,702.5882999878377,96.59164073679602,1454,0.0,0.0,1
obstacle_field,rrt_star,20,1,10,1,740.3614000068046,96.28303420467022,1451,0.0,0.0,1
obstacle_field,rrt_star,20,1,11,1,731.1532000021543,96.69081092285637,1458,0.0,0.0,1
obstacle_field,rrt_star,20,1,12,1,778.2897000142839,96.3132543932877,1452,0.0,0.0,1
obstacle_field,rrt_star,20,1,13,1,859.3550999939907,96.59521754813215,1456,0.0,0.0,1
obstacle_field,rrt_star,20,1,14,1,793.8258000067435,96.60963072394712,1454,0.0,0.0,1
obstacle_field,rrt_star,20,1,15,1,746.5206000197213,96.61005865461561,1452,0.0,0.0,1
obstacle_field,rrt_star,20,1,16,1,742.7289999905042,97.1266800560913,1444,0.0,0.0,1
obstacle_field,rrt_star,20,1,17,1,781.2237000034656,96.61110245250957,1454,0.0,0.0,1
obstacle_field,rrt_star,20,1,18,1,770.8692000014707,101.25294233599939,1452,0.0,0.0,1
obstacle_field,rrt_star,20,1,19,1,829.1171000164468,99.43353721560759,1460,0.0,0.0,1
obstacle_field,rrt_star,20,2,0,1,760.7405000017025,96.65779105256343,1463,0.0,0.0,1
obstacle_field,rrt_star,20,2,1,1,712.8018999937922,96.68807970505127,1464,0.0,0.0,1
obstacle_field,rrt_star,20,2,2,1,731.8152999796439,96.38091972023699,1466,0.0,0.0,1
obstacle_field,rrt_star,20,2,3,1,718.0896999780089,96.69916371276213,1464,0.0,0.0,1
obstacle_field,rrt_star,20,2,4,1,747.19749999349,96.39747353455611,1464,0.0,0.0,1
obstacle_field,rrt_star,20,2,5,1,729.5953000138979,96.45645787577931,1465,0.0,0.0,1
obstacle_field,rrt_star,20,2,6,1,712.0770000037737,96.90919833058983,1462,0.0,0.0,1
obstacle_field,rrt_star,20,2,7,1,740.5283999978565,96.39951981629642,1466,0.0,0.0,1
obstacle_field,rrt_star,20,2,8,1,747.3990999860689,96.6456132378249,1463,0.0,0.0,1
obstacle_field,rrt_star,20,2,9,1,747.4974999786355,96.65449198163655,1466,0.0,0.0,1
obstacle_field,rrt_star,20,2,10,1,772.6440000114962,96.62129720148613,1466,0.0,0.0,1
obstacle_field,rrt_star,20,2,11,1,760.8504999952856,96.45824397552977,1471,0.0,0.0,1
obstacle_field,rrt_star,20,2,12,1,769.4800000172108,96.362870036748,1465,0.0,0.0,1
obstacle_field,rrt_star,20,2,13,1,775.7224999950267,96.67927712770626,1466,0.0,0.0,1
obstacle_field,rrt_star,20,2,14,1,758.3115000161342,96.66161586520334,1466,0.0,0.0,1
obstacle_field,rrt_star,20,2,15,1,724.3446999927983,96.66057595932523,1465,0.0,0.0,1
obstacle_field,rrt_star,20,2,16,1,748.9463000092655,96.61819285596043,1467,0.0,0.0,1
obstacle_field,rrt_star,20,2,17,1,725.8932999975514,96.66227605743495,1467,0.0,0.0,1
obstacle_field,rrt_star,20,2,18,1,719.872799993027,96.69173387499397,1465,0.0,0.0,1
obstacle_field,rrt_star,20,2,19,1,735.5242999910843,96.62148934186482,1465,0.0,0.0,1
obstacle_field,rrt_star,20,3,0,1,719.490899995435,96.93261267833711,1460,0.0,0.0,1
obstacle_field,rrt_star,20,3,1,1,750.5413000180852,96.3045449333327,1463,0.0,0.0,1
obstacle_field,rrt_star,20,3,2,1,706.3586000003852,96.83500458441145,1457,0.0,0.0,1
obstacle_field,rrt_star,20,3,3,1,707.7798999962397,96.56836717970505,1460,0.0,0.0,1
obstacle_field,rrt_star,20,3,4,1,721.9324999896344,96.83583238703007,1456,0.0,0.0,1
obstacle_field,rrt_star,20,3,5,1,713.4590000205208,96.83782285107691,1456,0.0,0.0,1
obstacle_field,rrt_star,20,3,6,1,729.6123999985866,97.43842980520682,1459,0.0,0.0,1
obstacle_field,rrt_star,20,3,7,1,723.9254000014625,96.73219661083606,1457,0.0,0.0,1
obstacle_field,rrt_star,20,3,8,1,716.756500012707,96.72997516203671,1459,0.0,0.0,1
obstacle_field,rrt_star,20,3,9,1,722.2391999966931,96.81003138864843,1458,0.0,0.0,1
obstacle_field,rrt_star,20,3,10,1,723.7427999789361,96.52665312339498,1458,0.0,0.0,1
obstacle_field,rrt_star,20,3,11,1,722.4459999997634,96.1894527288951,1464,0.0,0.0,1
obstacle_field,rrt_star,20,3,12,1,722.2234999935608,96.72727524260414,1461,0.0,0.0,1
obstacle_field,rrt_star,20,3,13,1,769.6816999814473,96.51080939417585,1463,0.0,0.0,1
obstacle_field,rrt_star,20,3,14,1,722.1717000065837,96.47909407375279,1462,0.0,0.0,1
obstacle_field,rrt_star,20,3,15,1,741.6539999831002,96.51330605772837,1463,0.0,0.0,1
obstacle_field,rrt_star,20,3,16,1,744.329299981473,96.52352508009065,1459,0.0,0.0,1
obstacle_field,rrt_star,20,3,17,1,738.9072000223678,96.47906079607972,1462,0.0,0.0,1
obstacle_field,rrt_star,20,3,18,1,736.2665999971796,96.89985646505585,1456,0.0,0.0,1
obstacle_field,rrt_star,20,3,19,1,743.7046999984886,96.5700733282289,1462,0.0,0.0,1
obstacle_field,rrt_star,20,4,0,1,755.7395000185352,96.4552169380011,1470,0.0,0.0,1
obstacle_field,rrt_star,20,4,1,1,739.8595999984536,96.4992500597402,1446,0.0,0.0,1
obstacle_field,rrt_star,20,4,2,1,749.1571000136901,96.35918118288575,1470,0.0,0.0,1
obstacle_field,rrt_star,20,4,3,1,738.5234999819659,96.32380565690333,1470,0.0,0.0,1
obstacle_field,rrt_star,20,4,4,1,718.6235999979544,96.2312999959575,1451,0.0,0.0,1
obstacle_field,rrt_star,20,4,5,1,713.6286000022665,96.1940992947457,1452,0.0,0.0,1
obstacle_field,rrt_star,20,4,6,1,746.7905000085011,97.92600184747916,1454,0.0,0.0,1
obstacle_field,rrt_star,20,4,7,1,741.1460999865085,96.32278183468182,1451,0.0,0.0,1
obstacle_field,rrt_star,20,4,8,1,728.5924000025261,96.27841836640145,1450,0.0,0.0,1
obstacle_field,rrt_star,20,4,9,1,747.1570000052452,96.3367090774954,1470,0.0,0.0,1
obstacle_field,rrt_star,20,4,10,1,726.8444999936037,96.26708294829618,1446,0.0,0.0,1
obstacle_field,rrt_star,20,4,11,1,717.6921000063885,96.27610764391741,1445,0.0,0.0,1
obstacle_field,rrt_star,20,4,12,1,757.811599993147,96.35741090529514,1448,0.0,0.0,1
obstacle_field,rrt_star,20,4,13,1,778.2501999754459,96.29302765299715,1472,0.0,0.0,1
obstacle_field,rrt_star,20,4,14,1,785.9947999822907,96.32160808428777,1470,0.0,0.0,1
obstacle_field,rrt_star,20,4,15,1,728.0270999763161,96.27799150768561,1470,0.0,0.0,1
obstacle_field,rrt_star,20,4,16,1,709.2203999927733,96.26514946296899,1448,0.0,0.0,1
obstacle_field,rrt_star,20,4,17,1,732.9251000192016,96.28052979232399,1471,0.0,0.0,1
obstacle_field,rrt_star,20,4,18,1,714.3182000145316,97.79616535517341,1452,0.0,0.0,1
obstacle_field,rrt_star,20,4,19,1,744.106300000567,96.32540385947631,1470,0.0,0.0,1
